packet_length,packet_frame_len,source_ip,destination_ip,source_port,destination_port,received_time,time_difference,ttl,protocol
44,44,10.0.0.1,10.0.0.9,45714,9564,2023-06-15 13:07:19,0,64,17
44,44,10.0.0.5,10.0.0.9,55881,9564,2023-06-15 13:07:19,0,64,17
44,44,10.0.0.4,10.0.0.9,52955,9564,2023-06-15 13:07:19,0,64,17
44,44,10.0.0.7,10.0.0.9,38413,9564,2023-06-15 13:07:19,0,64,17
44,44,10.0.0.6,10.0.0.9,52629,9564,2023-06-15 13:07:19,0,64,17
44,44,10.0.0.3,10.0.0.9,47177,9564,2023-06-15 13:07:20,1,64,17
44,44,10.0.0.10,10.0.0.9,54888,9564,2023-06-15 13:07:20,0,64,17
44,44,10.0.0.8,10.0.0.9,39095,9564,2023-06-15 13:07:20,0,64,17
44,44,10.0.0.9,10.0.0.1,54436,9564,2023-06-15 13:07:21,1,64,17
44,44,10.0.0.9,10.0.0.2,54436,9564,2023-06-15 13:07:21,0,64,17
44,44,10.0.0.9,10.0.0.3,54436,9564,2023-06-15 13:07:21,0,64,17
44,44,10.0.0.9,10.0.0.4,54436,9564,2023-06-15 13:07:21,0,64,17
44,44,10.0.0.9,10.0.0.5,54436,9564,2023-06-15 13:07:21,0,64,17
44,44,10.0.0.9,10.0.0.6,54436,9564,2023-06-15 13:07:21,0,64,17
44,44,10.0.0.9,10.0.0.7,54436,9564,2023-06-15 13:07:21,0,64,17
44,44,10.0.0.9,10.0.0.8,54436,9564,2023-06-15 13:07:21,0,64,17
44,44,10.0.0.9,10.0.0.10,54436,9564,2023-06-15 13:07:21,0,64,17
44,44,10.0.0.9,10.0.0.9,54436,9564,2023-06-15 13:07:21,,64,17
44,44,10.0.0.2,10.0.0.9,54990,9564,2023-06-15 13:07:24,3,64,17
43,43,10.0.0.21,10.0.0.9,39238,9564,2023-06-15 13:07:24,0,64,17
44,44,10.0.0.1,10.0.0.9,45714,9564,2023-06-15 13:07:24,0,64,17
44,44,10.0.0.5,10.0.0.9,55881,9564,2023-06-15 13:07:24,0,64,17
44,44,10.0.0.4,10.0.0.9,52955,9564,2023-06-15 13:07:24,0,64,17
44,44,10.0.0.6,10.0.0.9,52629,9564,2023-06-15 13:07:24,0,64,17
44,44,10.0.0.7,10.0.0.9,38413,9564,2023-06-15 13:07:24,0,64,17
44,44,10.0.0.3,10.0.0.9,47177,9564,2023-06-15 13:07:25,1,64,17
44,44,10.0.0.10,10.0.0.9,54888,9564,2023-06-15 13:07:25,0,64,17
44,44,10.0.0.8,10.0.0.9,39095,9564,2023-06-15 13:07:25,0,64,17
44,44,10.0.0.9,10.0.0.9,54436,9564,2023-06-15 13:07:26,5,64,17
44,44,10.0.0.9,10.0.0.1,54436,9564,2023-06-15 13:07:26,1,64,17
44,44,10.0.0.9,10.0.0.2,54436,9564,2023-06-15 13:07:26,0,64,17
44,44,10.0.0.9,10.0.0.3,54436,9564,2023-06-15 13:07:26,0,64,17
44,44,10.0.0.9,10.0.0.4,54436,9564,2023-06-15 13:07:26,0,64,17
44,44,10.0.0.9,10.0.0.5,54436,9564,2023-06-15 13:07:26,0,64,17
44,44,10.0.0.9,10.0.0.6,54436,9564,2023-06-15 13:07:26,0,64,17
44,44,10.0.0.9,10.0.0.7,54436,9564,2023-06-15 13:07:26,0,64,17
44,44,10.0.0.9,10.0.0.8,54436,9564,2023-06-15 13:07:26,0,64,17
44,44,10.0.0.9,10.0.0.10,54436,9564,2023-06-15 13:07:26,0,64,17
44,44,10.0.0.2,10.0.0.9,54990,9564,2023-06-15 13:07:29,3,64,17
43,43,10.0.0.21,10.0.0.9,39238,9564,2023-06-15 13:07:29,0,64,17
44,44,10.0.0.1,10.0.0.9,45714,9564,2023-06-15 13:07:29,0,64,17
44,44,10.0.0.5,10.0.0.9,55881,9564,2023-06-15 13:07:29,0,64,17
44,44,10.0.0.4,10.0.0.9,52955,9564,2023-06-15 13:07:29,0,64,17
44,44,10.0.0.6,10.0.0.9,52629,9564,2023-06-15 13:07:29,0,64,17
44,44,10.0.0.9,10.0.0.9,54436,9564,2023-06-15 13:07:31,5,64,17
44,44,10.0.0.9,10.0.0.9,54436,9564,2023-06-15 13:07:36,5,64,17
44,44,255.31.31.156,10.0.0.9,,,2023-06-15 13:08:36,,0,1
44,44,10.0.0.9,10.0.0.9,54436,9564,2023-06-15 13:07:41,5,64,17
44,44,10.0.0.9,10.0.0.9,54436,9564,2023-06-15 13:07:46,5,64,17
44,44,10.0.0.9,10.0.0.9,54436,9564,2023-06-15 13:07:51,5,64,17
44,44,10.0.0.9,10.0.0.9,54436,9564,2023-06-15 13:07:56,5,64,17
44,44,10.0.0.9,10.0.0.9,54436,9564,2023-06-15 13:08:01,5,64,17
44,44,10.0.0.9,10.0.0.9,54436,9564,2023-06-15 13:08:06,5,64,17
44,44,10.0.0.9,10.0.0.9,54436,9564,2023-06-15 13:08:11,5,64,17
44,44,10.0.0.7,10.0.0.9,38413,9564,2023-06-15 13:07:29,0,64,17
44,44,10.0.0.3,10.0.0.9,47177,9564,2023-06-15 13:07:30,1,64,17
44,44,10.0.0.10,10.0.0.9,54888,9564,2023-06-15 13:07:30,0,64,17
44,44,10.0.0.8,10.0.0.9,39095,9564,2023-06-15 13:07:30,0,64,17
44,44,10.0.0.9,10.0.0.1,54436,9564,2023-06-15 13:07:31,1,64,17
44,44,10.0.0.9,10.0.0.2,54436,9564,2023-06-15 13:07:31,0,64,17
44,44,10.0.0.9,10.0.0.3,54436,9564,2023-06-15 13:07:31,0,64,17
44,44,10.0.0.9,10.0.0.4,54436,9564,2023-06-15 13:07:31,0,64,17
44,44,10.0.0.9,10.0.0.5,54436,9564,2023-06-15 13:07:31,0,64,17
44,44,10.0.0.9,10.0.0.6,54436,9564,2023-06-15 13:07:31,0,64,17
44,44,10.0.0.9,10.0.0.7,54436,9564,2023-06-15 13:07:31,0,64,17
44,44,10.0.0.9,10.0.0.8,54436,9564,2023-06-15 13:07:31,0,64,17
44,44,10.0.0.9,10.0.0.10,54436,9564,2023-06-15 13:07:31,0,64,17
44,44,10.0.0.2,10.0.0.9,54990,9564,2023-06-15 13:07:34,3,64,17
44,44,10.0.0.21,10.0.0.9,39238,9564,2023-06-15 13:07:34,0,64,17
44,44,10.0.0.1,10.0.0.9,45714,9564,2023-06-15 13:07:34,0,64,17
44,44,10.0.0.5,10.0.0.9,55881,9564,2023-06-15 13:07:34,0,64,17
43,43,10.0.0.21,10.0.0.9,39238,9564,2023-06-15 13:11:49,255,64,17
44,44,10.0.0.1,10.0.0.9,45714,9564,2023-06-15 13:11:49,0,64,17
44,44,10.0.0.5,10.0.0.9,55881,9564,2023-06-15 13:11:49,0,64,17
44,44,10.0.0.3,10.0.0.9,47177,9564,2023-06-15 13:11:50,1,64,17
44,44,10.0.0.10,10.0.0.9,54888,9564,2023-06-15 13:11:50,0,64,17
44,44,10.0.0.4,10.0.0.9,52955,9564,2023-06-15 13:11:51,1,64,17
44,44,10.0.0.9,10.0.0.9,54436,9564,2023-06-15 13:11:51,220,64,17
44,44,10.0.0.9,10.0.0.1,54436,9564,2023-06-15 13:11:51,0,64,17
44,44,10.0.0.9,10.0.0.2,54436,9564,2023-06-15 13:11:51,0,64,17
44,44,10.0.0.9,10.0.0.3,54436,9564,2023-06-15 13:11:51,0,64,17
44,44,10.0.0.9,10.0.0.4,54436,9564,2023-06-15 13:11:51,0,64,17
44,44,10.0.0.2,10.0.0.9,54990,9564,2023-06-15 13:11:51,0,64,17
44,44,10.0.0.9,10.0.0.5,54436,9564,2023-06-15 13:11:51,0,64,17
44,44,10.0.0.9,10.0.0.6,54436,9564,2023-06-15 13:11:51,0,64,17
44,44,10.0.0.9,10.0.0.7,54436,9564,2023-06-15 13:11:51,0,64,17
44,44,10.0.0.9,10.0.0.8,54436,9564,2023-06-15 13:11:51,0,64,17
44,44,10.0.0.9,10.0.0.10,54436,9564,2023-06-15 13:11:51,0,64,17
44,44,10.0.0.8,10.0.0.9,39095,9564,2023-06-15 13:11:51,0,64,17
44,44,10.0.0.7,10.0.0.9,38413,9564,2023-06-15 13:11:51,0,64,17
44,44,10.0.0.6,10.0.0.9,52629,9564,2023-06-15 13:11:51,0,64,17
43,43,10.0.0.21,10.0.0.9,39238,9564,2023-06-15 13:11:54,3,64,17
44,44,10.0.0.1,10.0.0.9,45714,9564,2023-06-15 13:11:54,0,64,17
44,44,10.0.0.5,10.0.0.9,55881,9564,2023-06-15 13:11:54,0,64,17
44,44,10.0.0.3,10.0.0.9,47177,9564,2023-06-15 13:11:55,1,64,17
44,44,10.0.0.10,10.0.0.9,54888,9564,2023-06-15 13:11:55,0,64,17
44,44,10.0.0.8,10.0.0.9,39095,9564,2023-06-15 13:11:56,1,64,17
44,44,10.0.0.4,10.0.0.9,52955,9564,2023-06-15 13:11:56,0,64,17
44,44,10.0.0.6,10.0.0.9,52629,9564,2023-06-15 13:11:56,0,64,17
44,44,10.0.0.7,10.0.0.9,38413,9564,2023-06-15 13:11:56,0,64,17
44,44,10.0.0.9,10.0.0.1,54436,9564,2023-06-15 13:11:56,0,64,17
44,44,10.0.0.9,10.0.0.2,54436,9564,2023-06-15 13:11:56,0,64,17
44,44,10.0.0.9,10.0.0.3,54436,9564,2023-06-15 13:11:56,0,64,17
44,44,10.0.0.9,10.0.0.4,54436,9564,2023-06-15 13:11:56,0,64,17
44,44,10.0.0.9,10.0.0.5,54436,9564,2023-06-15 13:11:56,0,64,17
44,44,10.0.0.9,10.0.0.6,54436,9564,2023-06-15 13:11:56,0,64,17
44,44,10.0.0.9,10.0.0.7,54436,9564,2023-06-15 13:11:56,0,64,17
44,44,10.0.0.9,10.0.0.8,54436,9564,2023-06-15 13:11:56,0,64,17
44,44,10.0.0.9,10.0.0.10,54436,9564,2023-06-15 13:11:56,0,64,17
44,44,10.0.0.9,10.0.0.9,54436,9564,2023-06-15 13:11:56,5,64,17
44,44,10.0.0.2,10.0.0.9,54990,9564,2023-06-15 13:11:56,0,64,17
43,43,10.0.0.21,10.0.0.9,39238,9564,2023-06-15 13:11:59,3,64,17
44,44,10.0.0.1,10.0.0.9,45714,9564,2023-06-15 13:11:59,0,64,17
44,44,10.0.0.5,10.0.0.9,55881,9564,2023-06-15 13:11:59,0,64,17
44,44,10.0.0.3,10.0.0.9,47177,9564,2023-06-15 13:12:00,1,64,17
44,44,10.0.0.10,10.0.0.9,54888,9564,2023-06-15 13:12:00,0,64,17
44,44,10.0.0.8,10.0.0.9,39095,9564,2023-06-15 13:12:01,1,64,17
44,44,10.0.0.6,10.0.0.9,52629,9564,2023-06-15 13:12:01,0,64,17
44,44,10.0.0.9,10.0.0.1,54436,9564,2023-06-15 13:12:01,0,64,17
44,44,10.0.0.9,10.0.0.9,54436,9564,2023-06-15 13:12:01,5,64,17
44,44,10.0.0.9,10.0.0.2,54436,9564,2023-06-15 13:12:01,0,64,17
44,44,10.0.0.9,10.0.0.3,54436,9564,2023-06-15 13:12:01,0,64,17
44,44,10.0.0.9,10.0.0.4,54436,9564,2023-06-15 13:12:01,0,64,17
44,44,10.0.0.9,10.0.0.5,54436,9564,2023-06-15 13:12:01,0,64,17
44,44,10.0.0.9,10.0.0.6,54436,9564,2023-06-15 13:12:01,0,64,17
44,44,10.0.0.9,10.0.0.7,54436,9564,2023-06-15 13:12:01,0,64,17
44,44,10.0.0.9,10.0.0.8,54436,9564,2023-06-15 13:12:01,0,64,17
44,44,10.0.0.9,10.0.0.10,54436,9564,2023-06-15 13:12:01,0,64,17
44,44,10.0.0.4,10.0.0.9,52955,9564,2023-06-15 13:12:01,0,64,17
44,44,10.0.0.7,10.0.0.9,38413,9564,2023-06-15 13:12:01,0,64,17
44,44,10.0.0.2,10.0.0.9,54990,9564,2023-06-15 13:12:01,0,64,17
43,43,10.0.0.21,10.0.0.9,39238,9564,2023-06-15 13:12:04,3,64,17
44,44,10.0.0.1,10.0.0.9,45714,9564,2023-06-15 13:12:04,0,64,17
44,44,10.0.0.5,10.0.0.9,55881,9564,2023-06-15 13:12:04,0,64,17
44,44,10.0.0.3,10.0.0.9,47177,9564,2023-06-15 13:12:05,1,64,17
44,44,10.0.0.10,10.0.0.9,54888,9564,2023-06-15 13:12:05,0,64,17
44,44,10.0.0.8,10.0.0.9,39095,9564,2023-06-15 13:12:06,1,64,17
44,44,10.0.0.6,10.0.0.9,52629,9564,2023-06-15 13:12:06,0,64,17
44,44,10.0.0.9,10.0.0.1,54436,9564,2023-06-15 13:12:06,0,64,17
44,44,10.0.0.9,10.0.0.2,54436,9564,2023-06-15 13:12:06,0,64,17
44,44,10.0.0.9,10.0.0.3,54436,9564,2023-06-15 13:12:06,0,64,17
44,44,10.0.0.9,10.0.0.4,54436,9564,2023-06-15 13:12:06,0,64,17
44,44,10.0.0.9,10.0.0.5,54436,9564,2023-06-15 13:12:06,0,64,17
44,44,10.0.0.9,10.0.0.6,54436,9564,2023-06-15 13:12:06,0,64,17
44,44,10.0.0.9,10.0.0.7,54436,9564,2023-06-15 13:12:06,0,64,17
44,44,10.0.0.9,10.0.0.8,54436,9564,2023-06-15 13:12:06,0,64,17
44,44,10.0.0.9,10.0.0.10,54436,9564,2023-06-15 13:12:06,0,64,17
44,44,10.0.0.4,10.0.0.9,52955,9564,2023-06-15 13:12:06,0,64,17
44,44,10.0.0.7,10.0.0.9,38413,9564,2023-06-15 13:12:06,0,64,17
44,44,10.0.0.2,10.0.0.9,54990,9564,2023-06-15 13:12:06,0,64,17
44,44,10.0.0.9,10.0.0.9,54436,9564,2023-06-15 13:12:06,5,64,17
43,43,10.0.0.21,10.0.0.9,39238,9564,2023-06-15 13:12:09,3,64,17
44,44,10.0.0.1,10.0.0.9,45714,9564,2023-06-15 13:12:09,0,64,17
44,44,10.0.0.5,10.0.0.9,55881,9564,2023-06-15 13:12:09,0,64,17
44,44,10.0.0.3,10.0.0.9,47177,9564,2023-06-15 13:12:10,1,64,17
44,44,10.0.0.10,10.0.0.9,54888,9564,2023-06-15 13:12:10,0,64,17
44,44,10.0.0.6,10.0.0.9,52629,9564,2023-06-15 13:12:11,1,64,17
44,44,10.0.0.8,10.0.0.9,39095,9564,2023-06-15 13:12:11,0,64,17
44,44,10.0.0.4,10.0.0.9,52955,9564,2023-06-15 13:12:11,0,64,17
44,44,10.0.0.7,10.0.0.9,38413,9564,2023-06-15 13:12:11,0,64,17
44,44,10.0.0.9,10.0.0.1,54436,9564,2023-06-15 13:12:11,0,64,17
44,44,10.0.0.9,10.0.0.2,54436,9564,2023-06-15 13:12:11,0,64,17
44,44,10.0.0.9,10.0.0.3,54436,9564,2023-06-15 13:12:11,0,64,17
44,44,10.0.0.9,10.0.0.4,54436,9564,2023-06-15 13:12:11,0,64,17
44,44,10.0.0.9,10.0.0.5,54436,9564,2023-06-15 13:12:11,0,64,17
44,44,10.0.0.9,10.0.0.6,54436,9564,2023-06-15 13:12:11,0,64,17
44,44,10.0.0.9,10.0.0.7,54436,9564,2023-06-15 13:12:11,0,64,17
44,44,10.0.0.9,10.0.0.8,54436,9564,2023-06-15 13:12:11,0,64,17
44,44,10.0.0.9,10.0.0.10,54436,9564,2023-06-15 13:12:11,0,64,17
44,44,10.0.0.2,10.0.0.9,54990,9564,2023-06-15 13:12:11,0,64,17
44,44,10.0.0.9,10.0.0.9,54436,9564,2023-06-15 13:12:11,5,64,17
43,43,10.0.0.21,10.0.0.9,39238,9564,2023-06-15 13:12:14,3,64,17
44,44,2.117.218.89,10.0.0.1,,,2023-06-15 13:12:14,218,0,1
44,44,10.0.0.1,10.0.0.9,45714,9564,2023-06-15 13:12:14,0,64,17
44,44,10.0.0.5,10.0.0.9,55881,9564,2023-06-15 13:12:14,0,64,17
44,44,10.0.0.3,10.0.0.9,47177,9564,2023-06-15 13:12:15,1,64,17
44,44,10.0.0.10,10.0.0.9,54888,9564,2023-06-15 13:12:15,0,64,17
44,44,10.0.0.8,10.0.0.9,39095,9564,2023-06-15 13:12:16,1,64,17
44,44,10.0.0.4,10.0.0.9,52955,9564,2023-06-15 13:12:16,0,64,17
44,44,10.0.0.9,10.0.0.9,54436,9564,2023-06-15 13:12:16,5,64,17
44,44,10.0.0.9,10.0.0.1,54436,9564,2023-06-15 13:12:16,0,64,17
44,44,10.0.0.9,10.0.0.2,54436,9564,2023-06-15 13:12:16,0,64,17
44,44,10.0.0.9,10.0.0.3,54436,9564,2023-06-15 13:12:16,0,64,17
44,44,10.0.0.9,10.0.0.4,54436,9564,2023-06-15 13:12:16,0,64,17
44,44,10.0.0.9,10.0.0.5,54436,9564,2023-06-15 13:12:16,0,64,17
44,44,10.0.0.9,10.0.0.6,54436,9564,2023-06-15 13:12:16,0,64,17
44,44,10.0.0.9,10.0.0.7,54436,9564,2023-06-15 13:12:16,0,64,17
44,44,10.0.0.9,10.0.0.8,54436,9564,2023-06-15 13:12:16,0,64,17
44,44,10.0.0.9,10.0.0.10,54436,9564,2023-06-15 13:12:16,0,64,17
44,44,10.0.0.6,10.0.0.9,52629,9564,2023-06-15 13:12:16,0,64,17
44,44,10.0.0.2,10.0.0.9,54990,9564,2023-06-15 13:12:16,0,64,17
44,44,255.31.31.156,10.0.0.9,,,2023-06-15 13:12:17,3,0,1
44,44,10.0.0.7,10.0.0.9,38413,9564,2023-06-15 13:12:16,0,64,17
44,44,10.0.0.21,10.0.0.9,39238,9564,2023-06-15 13:12:19,3,64,17
44,44,10.0.0.1,10.0.0.9,45714,9564,2023-06-15 13:12:19,0,64,17
44,44,10.0.0.5,10.0.0.9,55881,9564,2023-06-15 13:12:19,0,64,17
44,44,10.0.0.3,10.0.0.9,47177,9564,2023-06-15 13:12:20,1,64,17
44,44,10.0.0.10,10.0.0.9,54888,9564,2023-06-15 13:12:20,0,64,17
44,44,10.0.0.8,10.0.0.9,39095,9564,2023-06-15 13:12:21,1,64,17
44,44,10.0.0.6,10.0.0.9,52629,9564,2023-06-15 13:12:21,0,64,17
44,44,10.0.0.2,10.0.0.9,54990,9564,2023-06-15 13:12:21,0,64,17
44,44,10.0.0.4,10.0.0.9,52955,9564,2023-06-15 13:12:21,0,64,17
44,44,10.0.0.9,10.0.0.1,54436,9564,2023-06-15 13:12:21,0,64,17
44,44,10.0.0.9,10.0.0.2,54436,9564,2023-06-15 13:12:21,0,64,17
44,44,10.0.0.9,10.0.0.3,54436,9564,2023-06-15 13:12:21,0,64,17
44,44,10.0.0.9,10.0.0.4,54436,9564,2023-06-15 13:12:21,0,64,17
44,44,10.0.0.9,10.0.0.5,54436,9564,2023-06-15 13:12:21,0,64,17
44,44,10.0.0.9,10.0.0.6,54436,9564,2023-06-15 13:12:21,0,64,17
44,44,10.0.0.9,10.0.0.7,54436,9564,2023-06-15 13:12:21,0,64,17
44,44,10.0.0.9,10.0.0.8,54436,9564,2023-06-15 13:12:21,0,64,17
44,44,10.0.0.9,10.0.0.10,54436,9564,2023-06-15 13:12:21,0,64,17
44,44,10.0.0.9,10.0.0.9,54436,9564,2023-06-15 13:12:21,5,64,17
44,44,10.0.0.7,10.0.0.9,38413,9564,2023-06-15 13:12:22,1,64,17
43,43,10.0.0.21,10.0.0.9,39238,9564,2023-06-15 13:12:24,2,64,17
44,44,10.0.0.1,10.0.0.9,45714,9564,2023-06-15 13:12:24,0,64,17
44,44,10.0.0.5,10.0.0.9,55881,9564,2023-06-15 13:12:25,1,64,17
44,44,10.0.0.3,10.0.0.9,47177,9564,2023-06-15 13:12:25,0,64,17
44,44,10.0.0.10,10.0.0.9,54888,9564,2023-06-15 13:12:25,0,64,17
44,44,10.0.0.8,10.0.0.9,39095,9564,2023-06-15 13:12:26,1,64,17
44,44,10.0.0.2,10.0.0.9,54990,9564,2023-06-15 13:12:26,0,64,17
44,44,10.0.0.6,10.0.0.9,52629,9564,2023-06-15 13:12:26,0,64,17
44,44,10.0.0.9,10.0.0.1,54436,9564,2023-06-15 13:12:27,1,64,17
44,44,10.0.0.9,10.0.0.2,54436,9564,2023-06-15 13:12:27,0,64,17
44,44,10.0.0.9,10.0.0.3,54436,9564,2023-06-15 13:12:27,0,64,17
44,44,53.223.130.192,10.0.0.8,,,2023-06-15 13:12:27,10,0,1
44,44,10.0.0.9,10.0.0.4,54436,9564,2023-06-15 13:12:27,0,64,17
44,44,10.0.0.9,10.0.0.5,54436,9564,2023-06-15 13:12:27,0,64,17
44,44,10.0.0.9,10.0.0.6,54436,9564,2023-06-15 13:12:27,0,64,17
44,44,10.0.0.9,10.0.0.7,54436,9564,2023-06-15 13:12:27,0,64,17
44,44,10.0.0.9,10.0.0.8,54436,9564,2023-06-15 13:12:27,0,64,17
44,44,10.0.0.9,10.0.0.10,54436,9564,2023-06-15 13:12:27,0,64,17
44,44,10.0.0.4,10.0.0.9,52955,9564,2023-06-15 13:12:27,0,64,17
44,44,10.0.0.9,10.0.0.9,54436,9564,2023-06-15 13:12:27,6,64,17
44,44,10.0.0.7,10.0.0.9,38413,9564,2023-06-15 13:12:27,0,64,17
43,43,10.0.0.21,10.0.0.9,39238,9564,2023-06-15 13:12:29,2,64,17
44,44,10.0.0.1,10.0.0.9,45714,9564,2023-06-15 13:12:29,0,64,17
44,44,10.0.0.5,10.0.0.9,55881,9564,2023-06-15 13:12:30,1,64,17
44,44,10.0.0.3,10.0.0.9,47177,9564,2023-06-15 13:12:30,0,64,17
44,44,10.0.0.10,10.0.0.9,54888,9564,2023-06-15 13:12:30,0,64,17
44,44,10.0.0.8,10.0.0.9,39095,9564,2023-06-15 13:12:31,1,64,17
44,44,10.0.0.2,10.0.0.9,54990,9564,2023-06-15 13:12:31,0,64,17
44,44,10.0.0.6,10.0.0.9,52629,9564,2023-06-15 13:12:32,1,64,17
44,44,10.0.0.9,10.0.0.1,54436,9564,2023-06-15 13:12:32,0,64,17
44,44,10.0.0.9,10.0.0.2,54436,9564,2023-06-15 13:12:32,0,64,17
44,44,10.0.0.9,10.0.0.3,54436,9564,2023-06-15 13:12:32,0,64,17
44,44,10.0.0.9,10.0.0.4,54436,9564,2023-06-15 13:12:32,0,64,17
44,44,10.0.0.9,10.0.0.5,54436,9564,2023-06-15 13:12:32,0,64,17
44,44,10.0.0.9,10.0.0.6,54436,9564,2023-06-15 13:12:32,0,64,17
44,44,10.0.0.9,10.0.0.7,54436,9564,2023-06-15 13:12:32,0,64,17
44,44,10.0.0.9,10.0.0.8,54436,9564,2023-06-15 13:12:32,0,64,17
44,44,10.0.0.9,10.0.0.10,54436,9564,2023-06-15 13:12:32,0,64,17
44,44,10.0.0.9,10.0.0.9,54436,9564,2023-06-15 13:12:32,5,64,17
44,44,10.0.0.4,10.0.0.9,52955,9564,2023-06-15 13:12:32,0,64,17
44,44,10.0.0.7,10.0.0.9,38413,9564,2023-06-15 13:12:32,0,64,17
43,43,10.0.0.21,10.0.0.9,39238,9564,2023-06-15 13:12:34,2,64,17
44,44,10.0.0.1,10.0.0.9,45714,9564,2023-06-15 13:12:34,0,64,17
44,44,10.0.0.5,10.0.0.9,55881,9564,2023-06-15 13:12:35,1,64,17
44,44,10.0.0.3,10.0.0.9,47177,9564,2023-06-15 13:12:35,0,64,17
44,44,10.0.0.10,10.0.0.9,54888,9564,2023-06-15 13:12:35,0,64,17
44,44,10.0.0.8,10.0.0.9,39095,9564,2023-06-15 13:12:36,1,64,17
44,44,10.0.0.2,10.0.0.9,54990,9564,2023-06-15 13:12:37,1,64,17
44,44,10.0.0.9,10.0.0.1,54436,9564,2023-06-15 13:12:37,0,64,17
44,44,10.0.0.9,10.0.0.2,54436,9564,2023-06-15 13:12:37,0,64,17
44,44,10.0.0.9,10.0.0.3,54436,9564,2023-06-15 13:12:37,0,64,17
44,44,10.0.0.9,10.0.0.4,54436,9564,2023-06-15 13:12:37,0,64,17
44,44,10.0.0.9,10.0.0.5,54436,9564,2023-06-15 13:12:37,0,64,17
44,44,10.0.0.9,10.0.0.6,54436,9564,2023-06-15 13:12:37,0,64,17
44,44,10.0.0.9,10.0.0.7,54436,9564,2023-06-15 13:12:37,0,64,17
44,44,10.0.0.9,10.0.0.8,54436,9564,2023-06-15 13:12:37,0,64,17
44,44,10.0.0.9,10.0.0.10,54436,9564,2023-06-15 13:12:37,0,64,17
44,44,10.0.0.6,10.0.0.9,52629,9564,2023-06-15 13:12:37,0,64,17
44,44,10.0.0.9,10.0.0.9,54436,9564,2023-06-15 13:12:37,5,64,17
44,44,10.0.0.4,10.0.0.9,52955,9564,2023-06-15 13:12:37,0,64,17
44,44,10.0.0.7,10.0.0.9,38413,9564,2023-06-15 13:12:37,0,64,17
43,43,10.0.0.21,10.0.0.9,39238,9564,2023-06-15 13:12:39,2,64,17
44,44,10.0.0.1,10.0.0.9,45714,9564,2023-06-15 13:12:39,0,64,17
44,44,10.0.0.5,10.0.0.9,55881,9564,2023-06-15 13:12:40,1,64,17
44,44,10.0.0.3,10.0.0.9,47177,9564,2023-06-15 13:12:40,0,64,17
44,44,10.0.0.10,10.0.0.9,54888,9564,2023-06-15 13:12:40,0,64,17
44,44,10.0.0.8,10.0.0.9,39095,9564,2023-06-15 13:12:41,1,64,17
44,44,10.0.0.2,10.0.0.9,54990,9564,2023-06-15 13:12:42,1,64,17
44,44,10.0.0.9,10.0.0.1,54436,9564,2023-06-15 13:12:42,0,64,17
44,44,10.0.0.9,10.0.0.2,54436,9564,2023-06-15 13:12:42,0,64,17
44,44,10.0.0.9,10.0.0.3,54436,9564,2023-06-15 13:12:42,0,64,17
44,44,10.0.0.9,10.0.0.4,54436,9564,2023-06-15 13:12:42,0,64,17
44,44,10.0.0.9,10.0.0.5,54436,9564,2023-06-15 13:12:42,0,64,17
44,44,10.0.0.9,10.0.0.6,54436,9564,2023-06-15 13:12:42,0,64,17
44,44,10.0.0.9,10.0.0.7,54436,9564,2023-06-15 13:12:42,0,64,17
44,44,10.0.0.9,10.0.0.8,54436,9564,2023-06-15 13:12:42,0,64,17
44,44,10.0.0.9,10.0.0.10,54436,9564,2023-06-15 13:12:42,0,64,17
44,44,10.0.0.6,10.0.0.9,52629,9564,2023-06-15 13:12:42,0,64,17
44,44,10.0.0.9,10.0.0.9,54436,9564,2023-06-15 13:12:42,5,64,17
44,44,10.0.0.4,10.0.0.9,52955,9564,2023-06-15 13:12:42,0,64,17
44,44,10.0.0.7,10.0.0.9,38413,9564,2023-06-15 13:12:42,0,64,17
43,43,10.0.0.21,10.0.0.9,39238,9564,2023-06-15 13:12:44,2,64,17
44,44,10.0.0.1,10.0.0.9,45714,9564,2023-06-15 13:12:44,0,64,17
44,44,10.0.0.5,10.0.0.9,55881,9564,2023-06-15 13:12:45,1,64,17
44,44,10.0.0.3,10.0.0.9,47177,9564,2023-06-15 13:12:45,0,64,17
44,44,10.0.0.10,10.0.0.9,54888,9564,2023-06-15 13:12:45,0,64,17
44,44,10.0.0.8,10.0.0.9,39095,9564,2023-06-15 13:12:46,1,64,17
44,44,10.0.0.2,10.0.0.9,54990,9564,2023-06-15 13:12:47,1,64,17
44,44,10.0.0.9,10.0.0.1,54436,9564,2023-06-15 13:12:47,0,64,17
44,44,10.0.0.9,10.0.0.2,54436,9564,2023-06-15 13:12:47,0,64,17
44,44,10.0.0.9,10.0.0.3,54436,9564,2023-06-15 13:12:47,0,64,17
44,44,10.0.0.9,10.0.0.4,54436,9564,2023-06-15 13:12:47,0,64,17
44,44,10.0.0.9,10.0.0.5,54436,9564,2023-06-15 13:12:47,0,64,17
44,44,10.0.0.9,10.0.0.6,54436,9564,2023-06-15 13:12:47,0,64,17
44,44,10.0.0.9,10.0.0.7,54436,9564,2023-06-15 13:12:47,0,64,17
44,44,10.0.0.9,10.0.0.8,54436,9564,2023-06-15 13:12:47,0,64,17
44,44,10.0.0.9,10.0.0.10,54436,9564,2023-06-15 13:12:47,0,64,17
44,44,10.0.0.6,10.0.0.9,52629,9564,2023-06-15 13:12:47,0,64,17
44,44,10.0.0.4,10.0.0.9,52955,9564,2023-06-15 13:12:47,0,64,17
44,44,10.0.0.9,10.0.0.9,54436,9564,2023-06-15 13:12:47,5,64,17
44,44,10.0.0.7,10.0.0.9,38413,9564,2023-06-15 13:12:47,0,64,17
43,43,10.0.0.21,10.0.0.9,39238,9564,2023-06-15 13:12:49,2,64,17
44,44,10.0.0.1,10.0.0.9,45714,9564,2023-06-15 13:12:50,1,64,17
44,44,10.0.0.5,10.0.0.9,55881,9564,2023-06-15 13:12:50,0,64,17
44,44,10.0.0.3,10.0.0.9,47177,9564,2023-06-15 13:12:50,0,64,17
44,44,10.0.0.10,10.0.0.9,54888,9564,2023-06-15 13:12:50,0,64,17
44,44,10.0.0.8,10.0.0.9,39095,9564,2023-06-15 13:12:51,1,64,17
44,44,10.0.0.2,10.0.0.9,54990,9564,2023-06-15 13:12:52,1,64,17
44,44,10.0.0.9,10.0.0.1,54436,9564,2023-06-15 13:12:52,0,64,17
44,44,10.0.0.9,10.0.0.2,54436,9564,2023-06-15 13:12:52,0,64,17
44,44,10.0.0.9,10.0.0.3,54436,9564,2023-06-15 13:12:52,0,64,17
44,44,10.0.0.9,10.0.0.4,54436,9564,2023-06-15 13:12:52,0,64,17
44,44,10.0.0.9,10.0.0.5,54436,9564,2023-06-15 13:12:52,0,64,17
44,44,10.0.0.9,10.0.0.6,54436,9564,2023-06-15 13:12:52,0,64,17
44,44,10.0.0.9,10.0.0.7,54436,9564,2023-06-15 13:12:52,0,64,17
44,44,10.0.0.9,10.0.0.8,54436,9564,2023-06-15 13:12:52,0,64,17
44,44,10.0.0.9,10.0.0.10,54436,9564,2023-06-15 13:12:52,0,64,17
44,44,10.0.0.6,10.0.0.9,52629,9564,2023-06-15 13:12:52,0,64,17
44,44,10.0.0.4,10.0.0.9,52955,9564,2023-06-15 13:12:52,0,64,17
44,44,10.0.0.9,10.0.0.9,54436,9564,2023-06-15 13:12:52,5,64,17
44,44,10.0.0.7,10.0.0.9,38413,9564,2023-06-15 13:12:52,0,64,17
43,43,10.0.0.21,10.0.0.9,39238,9564,2023-06-15 13:12:54,2,64,17
44,44,10.0.0.1,10.0.0.9,45714,9564,2023-06-15 13:12:55,1,64,17
44,44,10.0.0.5,10.0.0.9,55881,9564,2023-06-15 13:12:55,0,64,17
44,44,10.0.0.3,10.0.0.9,47177,9564,2023-06-15 13:12:55,0,64,17
44,44,10.0.0.10,10.0.0.9,54888,9564,2023-06-15 13:12:55,0,64,17
44,44,10.0.0.8,10.0.0.9,39095,9564,2023-06-15 13:12:56,1,64,17
44,44,10.0.0.2,10.0.0.9,54990,9564,2023-06-15 13:12:57,1,64,17
44,44,10.0.0.9,10.0.0.9,54436,9564,2023-06-15 13:12:57,5,64,17
44,44,10.0.0.9,10.0.0.1,54436,9564,2023-06-15 13:12:57,0,64,17
44,44,10.0.0.9,10.0.0.2,54436,9564,2023-06-15 13:12:57,0,64,17
44,44,10.0.0.9,10.0.0.3,54436,9564,2023-06-15 13:12:57,0,64,17
44,44,10.0.0.9,10.0.0.4,54436,9564,2023-06-15 13:12:57,0,64,17
44,44,10.0.0.9,10.0.0.5,54436,9564,2023-06-15 13:12:57,0,64,17
44,44,10.0.0.9,10.0.0.6,54436,9564,2023-06-15 13:12:57,0,64,17
44,44,255.31.31.156,10.0.0.9,,,2023-06-15 13:12:57,30,0,1
44,44,10.0.0.9,10.0.0.7,54436,9564,2023-06-15 13:12:57,0,64,17
44,44,10.0.0.9,10.0.0.8,54436,9564,2023-06-15 13:12:57,0,64,17
44,44,10.0.0.9,10.0.0.10,54436,9564,2023-06-15 13:12:57,0,64,17
44,44,10.0.0.4,10.0.0.9,52955,9564,2023-06-15 13:12:57,0,64,17
44,44,10.0.0.6,10.0.0.9,52629,9564,2023-06-15 13:12:57,0,64,17
44,44,10.0.0.7,10.0.0.9,38413,9564,2023-06-15 13:12:57,0,64,17
43,43,10.0.0.21,10.0.0.9,39238,9564,2023-06-15 13:12:59,2,64,17
44,44,10.0.0.1,10.0.0.9,45714,9564,2023-06-15 13:13:00,1,64,17
44,44,10.0.0.5,10.0.0.9,55881,9564,2023-06-15 13:13:00,0,64,17
44,44,10.0.0.3,10.0.0.9,47177,9564,2023-06-15 13:13:00,0,64,17
44,44,10.0.0.10,10.0.0.9,54888,9564,2023-06-15 13:13:00,0,64,17
44,44,10.0.0.8,10.0.0.9,39095,9564,2023-06-15 13:13:02,2,64,17
44,44,10.0.0.2,10.0.0.9,54990,9564,2023-06-15 13:13:02,0,64,17
44,44,10.0.0.9,10.0.0.1,54436,9564,2023-06-15 13:13:02,0,64,17
44,44,10.0.0.9,10.0.0.2,54436,9564,2023-06-15 13:13:02,0,64,17
44,44,10.0.0.9,10.0.0.3,54436,9564,2023-06-15 13:13:02,0,64,17
44,44,10.0.0.9,10.0.0.4,54436,9564,2023-06-15 13:13:02,0,64,17
44,44,10.0.0.9,10.0.0.5,54436,9564,2023-06-15 13:13:02,0,64,17
44,44,10.0.0.9,10.0.0.6,54436,9564,2023-06-15 13:13:02,0,64,17
44,44,10.0.0.9,10.0.0.7,54436,9564,2023-06-15 13:13:02,0,64,17
44,44,10.0.0.9,10.0.0.8,54436,9564,2023-06-15 13:13:02,0,64,17
44,44,10.0.0.9,10.0.0.10,54436,9564,2023-06-15 13:13:02,0,64,17
44,44,10.0.0.4,10.0.0.9,52955,9564,2023-06-15 13:13:02,0,64,17
44,44,10.0.0.9,10.0.0.9,54436,9564,2023-06-15 13:13:02,5,64,17
44,44,10.0.0.6,10.0.0.9,52629,9564,2023-06-15 13:13:02,0,64,17
44,44,10.0.0.7,10.0.0.9,38413,9564,2023-06-15 13:13:02,0,64,17
43,43,10.0.0.21,10.0.0.9,39238,9564,2023-06-15 13:13:04,2,64,17
44,44,10.0.0.1,10.0.0.9,45714,9564,2023-06-15 13:13:05,1,64,17
44,44,10.0.0.5,10.0.0.9,55881,9564,2023-06-15 13:13:05,0,64,17
44,44,10.0.0.3,10.0.0.9,47177,9564,2023-06-15 13:13:05,0,64,17
44,44,10.0.0.10,10.0.0.9,54888,9564,2023-06-15 13:13:05,0,64,17
44,44,10.0.0.8,10.0.0.9,39095,9564,2023-06-15 13:13:07,2,64,17
44,44,10.0.0.9,10.0.0.9,54436,9564,2023-06-15 13:13:07,5,64,17
44,44,10.0.0.2,10.0.0.9,54990,9564,2023-06-15 13:13:07,0,64,17
44,44,10.0.0.9,10.0.0.1,54436,9564,2023-06-15 13:13:07,0,64,17
44,44,10.0.0.9,10.0.0.2,54436,9564,2023-06-15 13:13:07,0,64,17
44,44,10.0.0.9,10.0.0.3,54436,9564,2023-06-15 13:13:07,0,64,17
44,44,10.0.0.9,10.0.0.4,54436,9564,2023-06-15 13:13:07,0,64,17
44,44,10.0.0.9,10.0.0.5,54436,9564,2023-06-15 13:13:07,0,64,17
44,44,10.0.0.9,10.0.0.6,54436,9564,2023-06-15 13:13:07,0,64,17
44,44,10.0.0.9,10.0.0.7,54436,9564,2023-06-15 13:13:07,0,64,17
44,44,10.0.0.9,10.0.0.8,54436,9564,2023-06-15 13:13:07,0,64,17
44,44,10.0.0.9,10.0.0.10,54436,9564,2023-06-15 13:13:07,0,64,17
44,44,10.0.0.4,10.0.0.9,52955,9564,2023-06-15 13:13:07,0,64,17
44,44,10.0.0.6,10.0.0.9,52629,9564,2023-06-15 13:13:07,0,64,17
44,44,10.0.0.7,10.0.0.9,38413,9564,2023-06-15 13:13:07,0,64,17
43,43,10.0.0.21,10.0.0.9,39238,9564,2023-06-15 13:13:09,2,64,17
44,44,10.0.0.1,10.0.0.9,45714,9564,2023-06-15 13:13:10,1,64,17
44,44,10.0.0.3,10.0.0.9,47177,9564,2023-06-15 13:13:10,0,64,17
44,44,10.0.0.10,10.0.0.9,54888,9564,2023-06-15 13:13:10,0,64,17
44,44,10.0.0.5,10.0.0.9,55881,9564,2023-06-15 13:13:10,0,64,17
44,44,10.0.0.8,10.0.0.9,39095,9564,2023-06-15 13:13:12,2,64,17
44,44,10.0.0.2,10.0.0.9,54990,9564,2023-06-15 13:13:12,0,64,17
44,44,10.0.0.9,10.0.0.1,54436,9564,2023-06-15 13:13:12,0,64,17
44,44,10.0.0.9,10.0.0.2,54436,9564,2023-06-15 13:13:12,0,64,17
44,44,10.0.0.9,10.0.0.3,54436,9564,2023-06-15 13:13:12,0,64,17
44,44,10.0.0.9,10.0.0.4,54436,9564,2023-06-15 13:13:12,0,64,17
44,44,10.0.0.9,10.0.0.5,54436,9564,2023-06-15 13:13:12,0,64,17
44,44,10.0.0.9,10.0.0.6,54436,9564,2023-06-15 13:13:12,0,64,17
44,44,10.0.0.9,10.0.0.7,54436,9564,2023-06-15 13:13:12,0,64,17
44,44,10.0.0.9,10.0.0.8,54436,9564,2023-06-15 13:13:12,0,64,17
44,44,10.0.0.9,10.0.0.10,54436,9564,2023-06-15 13:13:12,0,64,17
44,44,10.0.0.9,10.0.0.9,54436,9564,2023-06-15 13:13:12,5,64,17
44,44,10.0.0.6,10.0.0.9,52629,9564,2023-06-15 13:13:12,0,64,17
44,44,10.0.0.4,10.0.0.9,52955,9564,2023-06-15 13:13:12,0,64,17
44,44,10.0.0.7,10.0.0.9,38413,9564,2023-06-15 13:13:12,0,64,17
44,44,10.0.0.21,10.0.0.9,39238,9564,2023-06-15 13:13:14,2,64,17
44,44,10.0.0.1,10.0.0.9,45714,9564,2023-06-15 13:13:15,1,64,17
44,44,10.0.0.10,10.0.0.9,54888,9564,2023-06-15 13:13:15,0,64,17
44,44,10.0.0.3,10.0.0.9,47177,9564,2023-06-15 13:13:15,0,64,17
44,44,10.0.0.5,10.0.0.9,55881,9564,2023-06-15 13:13:16,1,64,17
44,44,10.0.0.8,10.0.0.9,39095,9564,2023-06-15 13:13:17,1,64,17
44,44,10.0.0.9,10.0.0.9,54436,9564,2023-06-15 13:13:17,5,64,17
44,44,10.0.0.9,10.0.0.1,54436,9564,2023-06-15 13:13:17,0,64,17
44,44,10.0.0.9,10.0.0.2,54436,9564,2023-06-15 13:13:17,0,64,17
44,44,10.0.0.9,10.0.0.3,54436,9564,2023-06-15 13:13:17,0,64,17
44,44,10.0.0.9,10.0.0.4,54436,9564,2023-06-15 13:13:17,0,64,17
44,44,10.0.0.9,10.0.0.5,54436,9564,2023-06-15 13:13:17,0,64,17
44,44,10.0.0.9,10.0.0.6,54436,9564,2023-06-15 13:13:17,0,64,17
44,44,10.0.0.9,10.0.0.7,54436,9564,2023-06-15 13:13:17,0,64,17
44,44,10.0.0.9,10.0.0.8,54436,9564,2023-06-15 13:13:17,0,64,17
44,44,10.0.0.9,10.0.0.10,54436,9564,2023-06-15 13:13:17,0,64,17
44,44,10.0.0.2,10.0.0.9,54990,9564,2023-06-15 13:13:17,0,64,17
44,44,10.0.0.6,10.0.0.9,52629,9564,2023-06-15 13:13:17,0,64,17
44,44,10.0.0.4,10.0.0.9,52955,9564,2023-06-15 13:13:17,0,64,17
44,44,10.0.0.7,10.0.0.9,38413,9564,2023-06-15 13:13:18,1,64,17
43,43,10.0.0.21,10.0.0.9,39238,9564,2023-06-15 13:13:19,1,64,17
44,44,10.0.0.1,10.0.0.9,45714,9564,2023-06-15 13:13:20,1,64,17
44,44,10.0.0.3,10.0.0.9,47177,9564,2023-06-15 13:13:20,0,64,17
44,44,10.0.0.10,10.0.0.9,54888,9564,2023-06-15 13:13:20,0,64,17
44,44,10.0.0.5,10.0.0.9,55881,9564,2023-06-15 13:13:21,1,64,17
46,46,29.14.10.0,0.5.10.0,,,2023-06-15 13:13:21,24,64,0
44,44,10.0.0.8,10.0.0.9,39095,9564,2023-06-15 13:13:22,1,64,17
44,44,10.0.0.9,10.0.0.1,54436,9564,2023-06-15 13:13:22,0,64,17
44,44,10.0.0.9,10.0.0.2,54436,9564,2023-06-15 13:13:22,0,64,17
44,44,10.0.0.9,10.0.0.3,54436,9564,2023-06-15 13:13:22,0,64,17
44,44,10.0.0.9,10.0.0.4,54436,9564,2023-06-15 13:13:22,0,64,17
44,44,10.0.0.9,10.0.0.5,54436,9564,2023-06-15 13:13:22,0,64,17
44,44,10.0.0.9,10.0.0.6,54436,9564,2023-06-15 13:13:22,0,64,17
44,44,10.0.0.9,10.0.0.7,54436,9564,2023-06-15 13:13:22,0,64,17
44,44,10.0.0.9,10.0.0.8,54436,9564,2023-06-15 13:13:22,0,64,17
44,44,10.0.0.9,10.0.0.10,54436,9564,2023-06-15 13:13:22,0,64,17
44,44,10.0.0.2,10.0.0.9,54990,9564,2023-06-15 13:13:22,0,64,17
44,44,10.0.0.4,10.0.0.9,52955,9564,2023-06-15 13:13:22,0,64,17
44,44,10.0.0.6,10.0.0.9,52629,9564,2023-06-15 13:13:22,0,64,17
44,44,10.0.0.9,10.0.0.9,54436,9564,2023-06-15 13:13:22,5,64,17
44,44,10.0.0.7,10.0.0.9,38413,9564,2023-06-15 13:13:23,1,64,17
43,43,10.0.0.21,10.0.0.9,39238,9564,2023-06-15 13:13:24,1,64,17
44,44,10.0.0.1,10.0.0.9,45714,9564,2023-06-15 13:13:25,1,64,17
44,44,10.0.0.10,10.0.0.9,54888,9564,2023-06-15 13:13:25,0,64,17
44,44,10.0.0.3,10.0.0.9,47177,9564,2023-06-15 13:13:26,1,64,17
44,44,10.0.0.5,10.0.0.9,55881,9564,2023-06-15 13:13:26,0,64,17
44,44,10.0.0.8,10.0.0.9,39095,9564,2023-06-15 13:13:27,1,64,17
44,44,10.0.0.9,10.0.0.1,54436,9564,2023-06-15 13:13:27,0,64,17
44,44,10.0.0.9,10.0.0.2,54436,9564,2023-06-15 13:13:27,0,64,17
44,44,10.0.0.9,10.0.0.3,54436,9564,2023-06-15 13:13:27,0,64,17
44,44,10.0.0.9,10.0.0.4,54436,9564,2023-06-15 13:13:27,0,64,17
44,44,10.0.0.9,10.0.0.5,54436,9564,2023-06-15 13:13:27,0,64,17
44,44,10.0.0.9,10.0.0.6,54436,9564,2023-06-15 13:13:27,0,64,17
44,44,10.0.0.9,10.0.0.7,54436,9564,2023-06-15 13:13:27,0,64,17
44,44,10.0.0.9,10.0.0.8,54436,9564,2023-06-15 13:13:27,0,64,17
44,44,10.0.0.9,10.0.0.10,54436,9564,2023-06-15 13:13:27,0,64,17
44,44,10.0.0.2,10.0.0.9,54990,9564,2023-06-15 13:13:27,0,64,17
44,44,10.0.0.9,10.0.0.9,54436,9564,2023-06-15 13:13:27,5,64,17
44,44,10.0.0.6,10.0.0.9,52629,9564,2023-06-15 13:13:27,0,64,17
44,44,10.0.0.4,10.0.0.9,52955,9564,2023-06-15 13:13:27,0,64,17
44,44,10.0.0.7,10.0.0.9,38413,9564,2023-06-15 13:13:28,1,64,17
43,43,10.0.0.21,10.0.0.9,39238,9564,2023-06-15 13:13:29,1,64,17
44,44,10.0.0.1,10.0.0.9,45714,9564,2023-06-15 13:13:30,1,64,17
44,44,10.0.0.3,10.0.0.9,47177,9564,2023-06-15 13:13:31,1,64,17
44,44,10.0.0.5,10.0.0.9,55881,9564,2023-06-15 13:13:31,0,64,17
44,44,10.0.0.10,10.0.0.9,54888,9564,2023-06-15 13:13:31,0,64,17
44,44,10.0.0.9,10.0.0.9,54436,9564,2023-06-15 13:13:32,5,64,17
44,44,10.0.0.8,10.0.0.9,39095,9564,2023-06-15 13:13:32,1,64,17
44,44,10.0.0.9,10.0.0.1,54436,9564,2023-06-15 13:13:32,0,64,17
44,44,10.0.0.9,10.0.0.2,54436,9564,2023-06-15 13:13:32,0,64,17
44,44,10.0.0.9,10.0.0.3,54436,9564,2023-06-15 13:13:32,0,64,17
44,44,10.0.0.9,10.0.0.4,54436,9564,2023-06-15 13:13:32,0,64,17
44,44,10.0.0.9,10.0.0.5,54436,9564,2023-06-15 13:13:32,0,64,17
44,44,10.0.0.9,10.0.0.6,54436,9564,2023-06-15 13:13:32,0,64,17
44,44,10.0.0.9,10.0.0.7,54436,9564,2023-06-15 13:13:32,0,64,17
44,44,10.0.0.9,10.0.0.8,54436,9564,2023-06-15 13:13:32,0,64,17
44,44,10.0.0.9,10.0.0.10,54436,9564,2023-06-15 13:13:32,0,64,17
44,44,10.0.0.2,10.0.0.9,54990,9564,2023-06-15 13:13:32,0,64,17
44,44,10.0.0.6,10.0.0.9,52629,9564,2023-06-15 13:13:32,0,64,17
44,44,10.0.0.4,10.0.0.9,52955,9564,2023-06-15 13:13:32,0,64,17
44,44,10.0.0.7,10.0.0.9,38413,9564,2023-06-15 13:13:33,1,64,17
43,43,10.0.0.21,10.0.0.9,39238,9564,2023-06-15 13:13:34,1,64,17
44,44,10.0.0.1,10.0.0.9,45714,9564,2023-06-15 13:13:35,1,64,17
44,44,10.0.0.3,10.0.0.9,47177,9564,2023-06-15 13:13:36,1,64,17
44,44,10.0.0.5,10.0.0.9,55881,9564,2023-06-15 13:13:36,0,64,17
44,44,10.0.0.10,10.0.0.9,54888,9564,2023-06-15 13:13:36,0,64,17
44,44,10.0.0.8,10.0.0.9,39095,9564,2023-06-15 13:13:37,1,64,17
44,44,10.0.0.2,10.0.0.9,54990,9564,2023-06-15 13:13:37,0,64,17
44,44,10.0.0.9,10.0.0.9,54436,9564,2023-06-15 13:13:37,5,64,17
44,44,10.0.0.9,10.0.0.1,54436,9564,2023-06-15 13:13:37,0,64,17
44,44,10.0.0.9,10.0.0.2,54436,9564,2023-06-15 13:13:37,0,64,17
44,44,10.0.0.9,10.0.0.3,54436,9564,2023-06-15 13:13:37,0,64,17
44,44,10.0.0.9,10.0.0.4,54436,9564,2023-06-15 13:13:37,0,64,17
44,44,10.0.0.9,10.0.0.5,54436,9564,2023-06-15 13:13:37,0,64,17
44,44,10.0.0.9,10.0.0.6,54436,9564,2023-06-15 13:13:37,0,64,17
44,44,255.31.31.156,10.0.0.9,,,2023-06-15 13:13:37,16,0,1
44,44,10.0.0.9,10.0.0.7,54436,9564,2023-06-15 13:13:37,0,64,17
44,44,10.0.0.9,10.0.0.8,54436,9564,2023-06-15 13:13:37,0,64,17
44,44,10.0.0.9,10.0.0.10,54436,9564,2023-06-15 13:13:37,0,64,17
44,44,10.0.0.4,10.0.0.9,52955,9564,2023-06-15 13:13:37,0,64,17
44,44,10.0.0.6,10.0.0.9,52629,9564,2023-06-15 13:13:37,0,64,17
44,44,10.0.0.7,10.0.0.9,38413,9564,2023-06-15 13:13:38,1,64,17
43,43,10.0.0.21,10.0.0.9,39238,9564,2023-06-15 13:13:39,1,64,17
44,44,10.0.0.1,10.0.0.9,45714,9564,2023-06-15 13:13:40,1,64,17
44,44,10.0.0.3,10.0.0.9,47177,9564,2023-06-15 13:13:41,1,64,17
44,44,10.0.0.5,10.0.0.9,55881,9564,2023-06-15 13:13:41,0,64,17
44,44,10.0.0.10,10.0.0.9,54888,9564,2023-06-15 13:13:41,0,64,17
44,44,10.0.0.8,10.0.0.9,39095,9564,2023-06-15 13:13:42,1,64,17
44,44,10.0.0.9,10.0.0.1,54436,9564,2023-06-15 13:13:42,0,64,17
44,44,10.0.0.9,10.0.0.2,54436,9564,2023-06-15 13:13:42,0,64,17
44,44,10.0.0.9,10.0.0.3,54436,9564,2023-06-15 13:13:42,0,64,17
44,44,10.0.0.9,10.0.0.4,54436,9564,2023-06-15 13:13:42,0,64,17
44,44,10.0.0.9,10.0.0.5,54436,9564,2023-06-15 13:13:42,0,64,17
44,44,10.0.0.9,10.0.0.6,54436,9564,2023-06-15 13:13:42,0,64,17
44,44,10.0.0.9,10.0.0.7,54436,9564,2023-06-15 13:13:42,0,64,17
44,44,10.0.0.9,10.0.0.8,54436,9564,2023-06-15 13:13:42,0,64,17
44,44,10.0.0.9,10.0.0.10,54436,9564,2023-06-15 13:13:42,0,64,17
44,44,10.0.0.9,10.0.0.9,54436,9564,2023-06-15 13:13:42,5,64,17
44,44,10.0.0.2,10.0.0.9,54990,9564,2023-06-15 13:13:42,0,64,17
44,44,10.0.0.6,10.0.0.9,52629,9564,2023-06-15 13:13:42,0,64,17
44,44,10.0.0.4,10.0.0.9,52955,9564,2023-06-15 13:13:42,0,64,17
46,46,61.171.10.0,0.4.10.0,,,2023-06-15 13:13:42,5,64,0
44,44,10.0.0.7,10.0.0.9,38413,9564,2023-06-15 13:13:43,1,64,17
43,43,10.0.0.21,10.0.0.9,39238,9564,2023-06-15 13:13:44,1,64,17
44,44,10.0.0.1,10.0.0.9,45714,9564,2023-06-15 13:13:45,1,64,17
44,44,10.0.0.3,10.0.0.9,47177,9564,2023-06-15 13:13:46,1,64,17
44,44,10.0.0.5,10.0.0.9,55881,9564,2023-06-15 13:13:46,0,64,17
44,44,10.0.0.10,10.0.0.9,54888,9564,2023-06-15 13:13:46,0,64,17
44,44,10.0.0.8,10.0.0.9,39095,9564,2023-06-15 13:13:47,1,64,17
44,44,10.0.0.9,10.0.0.1,54436,9564,2023-06-15 13:13:47,0,64,17
44,44,10.0.0.9,10.0.0.2,54436,9564,2023-06-15 13:13:47,0,64,17
44,44,10.0.0.9,10.0.0.3,54436,9564,2023-06-15 13:13:47,0,64,17
44,44,10.0.0.9,10.0.0.4,54436,9564,2023-06-15 13:13:47,0,64,17
44,44,10.0.0.9,10.0.0.5,54436,9564,2023-06-15 13:13:47,0,64,17
44,44,10.0.0.9,10.0.0.6,54436,9564,2023-06-15 13:13:47,0,64,17
44,44,10.0.0.9,10.0.0.7,54436,9564,2023-06-15 13:13:47,0,64,17
44,44,10.0.0.9,10.0.0.8,54436,9564,2023-06-15 13:13:47,0,64,17
44,44,10.0.0.9,10.0.0.10,54436,9564,2023-06-15 13:13:47,0,64,17
44,44,10.0.0.2,10.0.0.9,54990,9564,2023-06-15 13:13:47,0,64,17
44,44,10.0.0.9,10.0.0.9,54436,9564,2023-06-15 13:13:47,5,64,17
44,44,10.0.0.6,10.0.0.9,52629,9564,2023-06-15 13:13:47,0,64,17
44,44,10.0.0.4,10.0.0.9,52955,9564,2023-06-15 13:13:47,0,64,17
44,44,10.0.0.7,10.0.0.9,38413,9564,2023-06-15 13:13:48,1,64,17
43,43,10.0.0.21,10.0.0.9,39238,9564,2023-06-15 13:13:49,1,64,17
44,44,10.0.0.1,10.0.0.9,45714,9564,2023-06-15 13:13:50,1,64,17
44,44,10.0.0.3,10.0.0.9,47177,9564,2023-06-15 13:13:51,1,64,17
44,44,10.0.0.10,10.0.0.9,54888,9564,2023-06-15 13:13:51,0,64,17
44,44,10.0.0.5,10.0.0.9,55881,9564,2023-06-15 13:13:51,0,64,17
44,44,10.0.0.8,10.0.0.9,39095,9564,2023-06-15 13:13:52,1,64,17
44,44,10.0.0.9,10.0.0.9,54436,9564,2023-06-15 13:13:52,5,64,17
44,44,10.0.0.9,10.0.0.1,54436,9564,2023-06-15 13:13:52,0,64,17
44,44,10.0.0.9,10.0.0.2,54436,9564,2023-06-15 13:13:52,0,64,17
44,44,10.0.0.9,10.0.0.3,54436,9564,2023-06-15 13:13:52,0,64,17
44,44,10.0.0.9,10.0.0.4,54436,9564,2023-06-15 13:13:52,0,64,17
44,44,10.0.0.9,10.0.0.5,54436,9564,2023-06-15 13:13:52,0,64,17
44,44,10.0.0.9,10.0.0.6,54436,9564,2023-06-15 13:13:52,0,64,17
44,44,10.0.0.9,10.0.0.7,54436,9564,2023-06-15 13:13:52,0,64,17
44,44,10.0.0.9,10.0.0.8,54436,9564,2023-06-15 13:13:52,0,64,17
44,44,10.0.0.9,10.0.0.10,54436,9564,2023-06-15 13:13:52,0,64,17
44,44,10.0.0.6,10.0.0.9,52629,9564,2023-06-15 13:13:52,0,64,17
44,44,10.0.0.2,10.0.0.9,54990,9564,2023-06-15 13:13:52,0,64,17
44,44,10.0.0.4,10.0.0.9,52955,9564,2023-06-15 13:13:52,0,64,17
44,44,10.0.0.7,10.0.0.9,38413,9564,2023-06-15 13:13:53,1,64,17
43,43,10.0.0.21,10.0.0.9,39238,9564,2023-06-15 13:13:54,1,64,17
44,44,10.0.0.1,10.0.0.9,45714,9564,2023-06-15 13:13:55,1,64,17
44,44,10.0.0.3,10.0.0.9,47177,9564,2023-06-15 13:13:56,1,64,17
44,44,10.0.0.10,10.0.0.9,54888,9564,2023-06-15 13:13:56,0,64,17
44,44,10.0.0.5,10.0.0.9,55881,9564,2023-06-15 13:13:56,0,64,17
44,44,10.0.0.9,10.0.0.9,54436,9564,2023-06-15 13:13:57,5,64,17
44,44,10.0.0.8,10.0.0.9,39095,9564,2023-06-15 13:13:57,1,64,17
44,44,10.0.0.9,10.0.0.1,54436,9564,2023-06-15 13:13:57,0,64,17
44,44,10.0.0.9,10.0.0.2,54436,9564,2023-06-15 13:13:57,0,64,17
44,44,10.0.0.9,10.0.0.3,54436,9564,2023-06-15 13:13:57,0,64,17
44,44,10.0.0.9,10.0.0.4,54436,9564,2023-06-15 13:13:57,0,64,17
44,44,10.0.0.9,10.0.0.5,54436,9564,2023-06-15 13:13:57,0,64,17
44,44,10.0.0.9,10.0.0.6,54436,9564,2023-06-15 13:13:57,0,64,17
44,44,10.0.0.9,10.0.0.7,54436,9564,2023-06-15 13:13:57,0,64,17
44,44,10.0.0.9,10.0.0.8,54436,9564,2023-06-15 13:13:57,0,64,17
44,44,10.0.0.9,10.0.0.10,54436,9564,2023-06-15 13:13:57,0,64,17
44,44,10.0.0.6,10.0.0.9,52629,9564,2023-06-15 13:13:57,0,64,17
44,44,10.0.0.2,10.0.0.9,54990,9564,2023-06-15 13:13:57,0,64,17
44,44,10.0.0.4,10.0.0.9,52955,9564,2023-06-15 13:13:57,0,64,17
44,44,10.0.0.7,10.0.0.9,38413,9564,2023-06-15 13:13:58,1,64,17
43,43,10.0.0.21,10.0.0.9,39238,9564,2023-06-15 13:13:59,1,64,17
44,44,10.0.0.1,10.0.0.9,45714,9564,2023-06-15 13:14:01,2,64,17
44,44,10.0.0.3,10.0.0.9,47177,9564,2023-06-15 13:14:01,0,64,17
44,44,10.0.0.5,10.0.0.9,55881,9564,2023-06-15 13:14:01,0,64,17
44,44,10.0.0.10,10.0.0.9,54888,9564,2023-06-15 13:14:01,0,64,17
44,44,10.0.0.8,10.0.0.9,39095,9564,2023-06-15 13:14:02,1,64,17
44,44,10.0.0.6,10.0.0.9,52629,9564,2023-06-15 13:14:02,0,64,17
44,44,10.0.0.9,10.0.0.1,54436,9564,2023-06-15 13:14:02,0,64,17
44,44,10.0.0.9,10.0.0.2,54436,9564,2023-06-15 13:14:02,0,64,17
44,44,10.0.0.9,10.0.0.9,54436,9564,2023-06-15 13:14:02,5,64,17
44,44,10.0.0.9,10.0.0.3,54436,9564,2023-06-15 13:14:02,0,64,17
44,44,10.0.0.9,10.0.0.4,54436,9564,2023-06-15 13:14:02,0,64,17
44,44,10.0.0.9,10.0.0.5,54436,9564,2023-06-15 13:14:02,0,64,17
44,44,10.0.0.9,10.0.0.6,54436,9564,2023-06-15 13:14:02,0,64,17
44,44,10.0.0.9,10.0.0.7,54436,9564,2023-06-15 13:14:02,0,64,17
44,44,10.0.0.9,10.0.0.8,54436,9564,2023-06-15 13:14:02,0,64,17
44,44,10.0.0.9,10.0.0.10,54436,9564,2023-06-15 13:14:02,0,64,17
44,44,10.0.0.2,10.0.0.9,54990,9564,2023-06-15 13:14:02,0,64,17
44,44,10.0.0.4,10.0.0.9,52955,9564,2023-06-15 13:14:02,0,64,17
44,44,10.0.0.7,10.0.0.9,38413,9564,2023-06-15 13:14:03,1,64,17
44,44,10.0.0.21,10.0.0.9,39238,9564,2023-06-15 13:14:04,1,64,17
44,44,10.0.0.3,10.0.0.9,47177,9564,2023-06-15 13:14:06,2,64,17
44,44,10.0.0.1,10.0.0.9,45714,9564,2023-06-15 13:14:06,0,64,17
44,44,10.0.0.5,10.0.0.9,55881,9564,2023-06-15 13:14:06,0,64,17
44,44,10.0.0.10,10.0.0.9,54888,9564,2023-06-15 13:14:06,0,64,17
44,44,10.0.0.8,10.0.0.9,39095,9564,2023-06-15 13:14:07,1,64,17
44,44,10.0.0.6,10.0.0.9,52629,9564,2023-06-15 13:14:07,0,64,17
44,44,10.0.0.2,10.0.0.9,54990,9564,2023-06-15 13:14:07,0,64,17
44,44,10.0.0.9,10.0.0.9,54436,9564,2023-06-15 13:14:07,5,64,17
44,44,10.0.0.9,10.0.0.1,54436,9564,2023-06-15 13:14:07,0,64,17
44,44,10.0.0.9,10.0.0.2,54436,9564,2023-06-15 13:14:07,0,64,17
44,44,10.0.0.9,10.0.0.3,54436,9564,2023-06-15 13:14:07,0,64,17
44,44,10.0.0.9,10.0.0.4,54436,9564,2023-06-15 13:14:07,0,64,17
44,44,10.0.0.9,10.0.0.5,54436,9564,2023-06-15 13:14:07,0,64,17
44,44,10.0.0.9,10.0.0.6,54436,9564,2023-06-15 13:14:07,0,64,17
44,44,10.0.0.9,10.0.0.7,54436,9564,2023-06-15 13:14:07,0,64,17
44,44,10.0.0.9,10.0.0.8,54436,9564,2023-06-15 13:14:07,0,64,17
44,44,10.0.0.9,10.0.0.10,54436,9564,2023-06-15 13:14:07,0,64,17
44,44,10.0.0.4,10.0.0.9,52955,9564,2023-06-15 13:14:08,1,64,17
44,44,10.0.0.7,10.0.0.9,38413,9564,2023-06-15 13:14:09,1,64,17
43,43,10.0.0.21,10.0.0.9,39238,9564,2023-06-15 13:14:09,0,64,17
44,44,10.0.0.3,10.0.0.9,47177,9564,2023-06-15 13:14:11,2,64,17
44,44,10.0.0.1,10.0.0.9,45714,9564,2023-06-15 13:14:11,0,64,17
46,46,147.157.10.0,0.1.10.0,,,2023-06-15 13:14:11,29,64,0
44,44,10.0.0.10,10.0.0.9,54888,9564,2023-06-15 13:14:11,0,64,17
44,44,10.0.0.5,10.0.0.9,55881,9564,2023-06-15 13:14:11,0,64,17
44,44,10.0.0.8,10.0.0.9,39095,9564,2023-06-15 13:14:12,1,64,17
44,44,10.0.0.6,10.0.0.9,52629,9564,2023-06-15 13:14:12,0,64,17
44,44,10.0.0.2,10.0.0.9,54990,9564,2023-06-15 13:14:12,0,64,17
44,44,10.0.0.9,10.0.0.1,54436,9564,2023-06-15 13:14:12,0,64,17
44,44,10.0.0.9,10.0.0.2,54436,9564,2023-06-15 13:14:12,0,64,17
44,44,10.0.0.9,10.0.0.9,54436,9564,2023-06-15 13:14:12,5,64,17
44,44,10.0.0.9,10.0.0.3,54436,9564,2023-06-15 13:14:12,0,64,17
44,44,10.0.0.9,10.0.0.4,54436,9564,2023-06-15 13:14:12,0,64,17
44,44,10.0.0.9,10.0.0.5,54436,9564,2023-06-15 13:14:12,0,64,17
44,44,10.0.0.9,10.0.0.6,54436,9564,2023-06-15 13:14:12,0,64,17
44,44,10.0.0.9,10.0.0.7,54436,9564,2023-06-15 13:14:12,0,64,17
44,44,10.0.0.9,10.0.0.8,54436,9564,2023-06-15 13:14:12,0,64,17
44,44,10.0.0.9,10.0.0.10,54436,9564,2023-06-15 13:14:12,0,64,17
44,44,10.0.0.4,10.0.0.9,52955,9564,2023-06-15 13:14:13,1,64,17
170,170,10.0.0.9,10.0.0.6,,,2023-06-15 13:14:13,0,64,1
170,170,10.0.0.6,10.0.0.9,,,2023-06-15 13:14:13,0,64,1
172,172,190.106.10.0,0.6.10.0,,,2023-06-15 13:14:13,2,0,0
44,44,10.0.0.7,10.0.0.9,38413,9564,2023-06-15 13:14:14,1,64,17
170,170,10.0.0.4,10.0.0.9,,,2023-06-15 13:14:14,0,64,1
170,170,10.0.0.9,10.0.0.4,,,2023-06-15 13:14:14,0,64,1
172,172,245.29.10.0,0.9.10.0,,,2023-06-15 13:14:14,1,0,0
43,43,10.0.0.21,10.0.0.9,39238,9564,2023-06-15 13:14:14,0,64,17
44,44,10.0.0.3,10.0.0.9,47177,9564,2023-06-15 13:14:16,2,64,17
44,44,10.0.0.1,10.0.0.9,45714,9564,2023-06-15 13:14:16,0,64,17
44,44,10.0.0.10,10.0.0.9,54888,9564,2023-06-15 13:14:16,0,64,17
44,44,10.0.0.5,10.0.0.9,55881,9564,2023-06-15 13:14:16,0,64,17
44,44,10.0.0.8,10.0.0.9,39095,9564,2023-06-15 13:14:17,1,64,17
44,44,10.0.0.9,10.0.0.9,54436,9564,2023-06-15 13:14:18,6,64,17
44,44,10.0.0.6,10.0.0.9,52629,9564,2023-06-15 13:14:17,0,64,17
44,44,255.31.31.156,10.0.0.9,,,2023-06-15 13:14:18,4,0,1
44,44,10.0.0.9,10.0.0.1,54436,9564,2023-06-15 13:14:18,1,64,17
44,44,10.0.0.9,10.0.0.2,54436,9564,2023-06-15 13:14:18,0,64,17
44,44,10.0.0.9,10.0.0.3,54436,9564,2023-06-15 13:14:18,0,64,17
44,44,10.0.0.9,10.0.0.4,54436,9564,2023-06-15 13:14:18,0,64,17
44,44,10.0.0.9,10.0.0.5,54436,9564,2023-06-15 13:14:18,0,64,17
44,44,10.0.0.9,10.0.0.6,54436,9564,2023-06-15 13:14:18,0,64,17
44,44,10.0.0.9,10.0.0.7,54436,9564,2023-06-15 13:14:18,0,64,17
44,44,10.0.0.9,10.0.0.8,54436,9564,2023-06-15 13:14:18,0,64,17
44,44,10.0.0.9,10.0.0.10,54436,9564,2023-06-15 13:14:18,0,64,17
44,44,10.0.0.2,10.0.0.9,54990,9564,2023-06-15 13:14:18,0,64,17
44,44,10.0.0.4,10.0.0.9,52955,9564,2023-06-15 13:14:18,0,64,17
44,44,10.0.0.7,10.0.0.9,38413,9564,2023-06-15 13:14:19,1,64,17
172,172,5.103.10.0,0.7.10.0,,,2023-06-15 13:14:20,2,0,0
43,43,10.0.0.21,10.0.0.9,39238,9564,2023-06-15 13:14:19,0,64,17
170,170,10.0.0.9,10.0.0.7,,,2023-06-15 13:14:20,1,64,1
170,170,10.0.0.7,10.0.0.9,,,2023-06-15 13:14:20,0,64,1
44,44,10.0.0.3,10.0.0.9,47177,9564,2023-06-15 13:14:21,1,64,17
44,44,10.0.0.1,10.0.0.9,45714,9564,2023-06-15 13:14:21,0,64,17
44,44,10.0.0.10,10.0.0.9,54888,9564,2023-06-15 13:14:21,0,64,17
44,44,10.0.0.5,10.0.0.9,55881,9564,2023-06-15 13:14:21,0,64,17
44,44,10.0.0.8,10.0.0.9,39095,9564,2023-06-15 13:14:22,1,64,17
44,44,10.0.0.6,10.0.0.9,52629,9564,2023-06-15 13:14:22,0,64,17
44,44,10.0.0.9,10.0.0.1,54436,9564,2023-06-15 13:14:23,1,64,17
44,44,10.0.0.9,10.0.0.2,54436,9564,2023-06-15 13:14:23,0,64,17
44,44,10.0.0.9,10.0.0.3,54436,9564,2023-06-15 13:14:23,0,64,17
44,44,10.0.0.9,10.0.0.4,54436,9564,2023-06-15 13:14:23,0,64,17
44,44,10.0.0.9,10.0.0.5,54436,9564,2023-06-15 13:14:23,0,64,17
44,44,10.0.0.9,10.0.0.6,54436,9564,2023-06-15 13:14:23,0,64,17
44,44,10.0.0.9,10.0.0.7,54436,9564,2023-06-15 13:14:23,0,64,17
44,44,10.0.0.9,10.0.0.8,54436,9564,2023-06-15 13:14:23,0,64,17
44,44,10.0.0.9,10.0.0.10,54436,9564,2023-06-15 13:14:23,0,64,17
44,44,10.0.0.4,10.0.0.9,52955,9564,2023-06-15 13:14:23,0,64,17
44,44,10.0.0.2,10.0.0.9,54990,9564,2023-06-15 13:14:23,0,64,17
44,44,10.0.0.9,10.0.0.9,54436,9564,2023-06-15 13:14:23,5,64,17
44,44,10.0.0.7,10.0.0.9,38413,9564,2023-06-15 13:14:24,1,64,17
43,43,10.0.0.21,10.0.0.9,39238,9564,2023-06-15 13:14:24,0,64,17
44,44,10.0.0.3,10.0.0.9,47177,9564,2023-06-15 13:14:26,2,64,17
44,44,10.0.0.1,10.0.0.9,45714,9564,2023-06-15 13:14:26,0,64,17
44,44,10.0.0.10,10.0.0.9,54888,9564,2023-06-15 13:14:26,0,64,17
44,44,10.0.0.5,10.0.0.9,55881,9564,2023-06-15 13:14:26,0,64,17
44,44,10.0.0.8,10.0.0.9,39095,9564,2023-06-15 13:14:27,1,64,17
44,44,10.0.0.9,10.0.0.9,54436,9564,2023-06-15 13:14:28,5,64,17
44,44,10.0.0.6,10.0.0.9,52629,9564,2023-06-15 13:14:28,1,64,17
44,44,10.0.0.9,10.0.0.1,54436,9564,2023-06-15 13:14:28,0,64,17
44,44,10.0.0.9,10.0.0.2,54436,9564,2023-06-15 13:14:28,0,64,17
44,44,10.0.0.9,10.0.0.3,54436,9564,2023-06-15 13:14:28,0,64,17
44,44,10.0.0.9,10.0.0.4,54436,9564,2023-06-15 13:14:28,0,64,17
44,44,10.0.0.9,10.0.0.5,54436,9564,2023-06-15 13:14:28,0,64,17
44,44,10.0.0.9,10.0.0.6,54436,9564,2023-06-15 13:14:28,0,64,17
44,44,10.0.0.9,10.0.0.7,54436,9564,2023-06-15 13:14:28,0,64,17
44,44,10.0.0.9,10.0.0.8,54436,9564,2023-06-15 13:14:28,0,64,17
44,44,10.0.0.9,10.0.0.10,54436,9564,2023-06-15 13:14:28,0,64,17
44,44,10.0.0.4,10.0.0.9,52955,9564,2023-06-15 13:14:28,0,64,17
44,44,10.0.0.2,10.0.0.9,54990,9564,2023-06-15 13:14:28,0,64,17
44,44,10.0.0.7,10.0.0.9,38413,9564,2023-06-15 13:14:29,1,64,17
43,43,10.0.0.21,10.0.0.9,39238,9564,2023-06-15 13:14:29,0,64,17
44,44,10.0.0.1,10.0.0.9,45714,9564,2023-06-15 13:14:31,2,64,17
44,44,10.0.0.3,10.0.0.9,47177,9564,2023-06-15 13:14:31,0,64,17
44,44,10.0.0.10,10.0.0.9,54888,9564,2023-06-15 13:14:31,0,64,17
44,44,10.0.0.5,10.0.0.9,55881,9564,2023-06-15 13:14:31,0,64,17
44,44,10.0.0.8,10.0.0.9,39095,9564,2023-06-15 13:14:32,1,64,17
44,44,10.0.0.9,10.0.0.9,54436,9564,2023-06-15 13:14:33,5,64,17
44,44,10.0.0.9,10.0.0.1,54436,9564,2023-06-15 13:14:33,1,64,17
44,44,10.0.0.9,10.0.0.2,54436,9564,2023-06-15 13:14:33,0,64,17
44,44,10.0.0.9,10.0.0.3,54436,9564,2023-06-15 13:14:33,0,64,17
44,44,10.0.0.9,10.0.0.4,54436,9564,2023-06-15 13:14:33,0,64,17
44,44,10.0.0.9,10.0.0.5,54436,9564,2023-06-15 13:14:33,0,64,17
44,44,10.0.0.9,10.0.0.6,54436,9564,2023-06-15 13:14:33,0,64,17
44,44,10.0.0.9,10.0.0.7,54436,9564,2023-06-15 13:14:33,0,64,17
44,44,10.0.0.9,10.0.0.8,54436,9564,2023-06-15 13:14:33,0,64,17
44,44,10.0.0.9,10.0.0.10,54436,9564,2023-06-15 13:14:33,0,64,17
44,44,10.0.0.4,10.0.0.9,52955,9564,2023-06-15 13:14:33,0,64,17
44,44,10.0.0.6,10.0.0.9,52629,9564,2023-06-15 13:14:33,0,64,17
44,44,10.0.0.2,10.0.0.9,54990,9564,2023-06-15 13:14:33,0,64,17
44,44,10.0.0.7,10.0.0.9,38413,9564,2023-06-15 13:14:34,1,64,17
43,43,10.0.0.21,10.0.0.9,39238,9564,2023-06-15 13:14:34,0,64,17
44,44,10.0.0.3,10.0.0.9,47177,9564,2023-06-15 13:14:36,2,64,17
44,44,10.0.0.1,10.0.0.9,45714,9564,2023-06-15 13:14:36,0,64,17
44,44,10.0.0.10,10.0.0.9,54888,9564,2023-06-15 13:14:36,0,64,17
44,44,10.0.0.5,10.0.0.9,55881,9564,2023-06-15 13:14:36,0,64,17
44,44,10.0.0.8,10.0.0.9,39095,9564,2023-06-15 13:14:37,1,64,17
44,44,10.0.0.9,10.0.0.9,54436,9564,2023-06-15 13:14:38,5,64,17
44,44,10.0.0.9,10.0.0.1,54436,9564,2023-06-15 13:14:38,1,64,17
44,44,10.0.0.9,10.0.0.2,54436,9564,2023-06-15 13:14:38,0,64,17
44,44,10.0.0.9,10.0.0.3,54436,9564,2023-06-15 13:14:38,0,64,17
44,44,10.0.0.9,10.0.0.4,54436,9564,2023-06-15 13:14:38,0,64,17
44,44,10.0.0.9,10.0.0.5,54436,9564,2023-06-15 13:14:38,0,64,17
44,44,10.0.0.9,10.0.0.6,54436,9564,2023-06-15 13:14:38,0,64,17
44,44,10.0.0.9,10.0.0.7,54436,9564,2023-06-15 13:14:38,0,64,17
44,44,10.0.0.9,10.0.0.8,54436,9564,2023-06-15 13:14:38,0,64,17
44,44,10.0.0.9,10.0.0.10,54436,9564,2023-06-15 13:14:38,0,64,17
44,44,10.0.0.4,10.0.0.9,52955,9564,2023-06-15 13:14:38,0,64,17
44,44,10.0.0.6,10.0.0.9,52629,9564,2023-06-15 13:14:38,0,64,17
44,44,10.0.0.2,10.0.0.9,54990,9564,2023-06-15 13:14:38,0,64,17
44,44,10.0.0.7,10.0.0.9,38413,9564,2023-06-15 13:14:39,1,64,17
43,43,10.0.0.21,10.0.0.9,39238,9564,2023-06-15 13:14:39,0,64,17
44,44,10.0.0.3,10.0.0.9,47177,9564,2023-06-15 13:14:41,2,64,17
44,44,10.0.0.10,10.0.0.9,54888,9564,2023-06-15 13:14:41,0,64,17
44,44,10.0.0.1,10.0.0.9,45714,9564,2023-06-15 13:14:41,0,64,17
44,44,10.0.0.5,10.0.0.9,55881,9564,2023-06-15 13:14:41,0,64,17
44,44,10.0.0.8,10.0.0.9,39095,9564,2023-06-15 13:14:42,1,64,17
44,44,10.0.0.9,10.0.0.9,54436,9564,2023-06-15 13:14:43,5,64,17
44,44,10.0.0.9,10.0.0.1,54436,9564,2023-06-15 13:14:43,1,64,17
44,44,10.0.0.9,10.0.0.2,54436,9564,2023-06-15 13:14:43,0,64,17
44,44,10.0.0.9,10.0.0.3,54436,9564,2023-06-15 13:14:43,0,64,17
44,44,10.0.0.9,10.0.0.4,54436,9564,2023-06-15 13:14:43,0,64,17
44,44,10.0.0.9,10.0.0.5,54436,9564,2023-06-15 13:14:43,0,64,17
44,44,10.0.0.9,10.0.0.6,54436,9564,2023-06-15 13:14:43,0,64,17
44,44,10.0.0.9,10.0.0.7,54436,9564,2023-06-15 13:14:43,0,64,17
44,44,10.0.0.9,10.0.0.8,54436,9564,2023-06-15 13:14:43,0,64,17
44,44,10.0.0.9,10.0.0.10,54436,9564,2023-06-15 13:14:43,0,64,17
44,44,10.0.0.4,10.0.0.9,52955,9564,2023-06-15 13:14:43,0,64,17
44,44,10.0.0.6,10.0.0.9,52629,9564,2023-06-15 13:14:43,0,64,17
44,44,10.0.0.2,10.0.0.9,54990,9564,2023-06-15 13:14:43,0,64,17
44,44,10.0.0.7,10.0.0.9,38413,9564,2023-06-15 13:14:44,1,64,17
43,43,10.0.0.21,10.0.0.9,39238,9564,2023-06-15 13:14:44,0,64,17
44,44,10.0.0.3,10.0.0.9,47177,9564,2023-06-15 13:14:46,2,64,17
44,44,10.0.0.10,10.0.0.9,54888,9564,2023-06-15 13:14:46,0,64,17
44,44,10.0.0.1,10.0.0.9,45714,9564,2023-06-15 13:14:46,0,64,17
44,44,10.0.0.5,10.0.0.9,55881,9564,2023-06-15 13:14:46,0,64,17
44,44,10.0.0.8,10.0.0.9,39095,9564,2023-06-15 13:14:47,1,64,17
44,44,10.0.0.4,10.0.0.9,52955,9564,2023-06-15 13:14:48,1,64,17
44,44,10.0.0.9,10.0.0.1,54436,9564,2023-06-15 13:14:48,0,64,17
44,44,10.0.0.9,10.0.0.2,54436,9564,2023-06-15 13:14:48,0,64,17
44,44,10.0.0.9,10.0.0.3,54436,9564,2023-06-15 13:14:48,0,64,17
44,44,10.0.0.9,10.0.0.4,54436,9564,2023-06-15 13:14:48,0,64,17
44,44,10.0.0.9,10.0.0.5,54436,9564,2023-06-15 13:14:48,0,64,17
44,44,10.0.0.9,10.0.0.6,54436,9564,2023-06-15 13:14:48,0,64,17
44,44,10.0.0.9,10.0.0.7,54436,9564,2023-06-15 13:14:48,0,64,17
44,44,10.0.0.9,10.0.0.8,54436,9564,2023-06-15 13:14:48,0,64,17
44,44,10.0.0.9,10.0.0.10,54436,9564,2023-06-15 13:14:48,0,64,17
44,44,10.0.0.6,10.0.0.9,52629,9564,2023-06-15 13:14:48,0,64,17
44,44,10.0.0.2,10.0.0.9,54990,9564,2023-06-15 13:14:48,0,64,17
44,44,10.0.0.9,10.0.0.9,54436,9564,2023-06-15 13:14:48,5,64,17
44,44,10.0.0.7,10.0.0.9,38413,9564,2023-06-15 13:14:49,1,64,17
43,43,10.0.0.21,10.0.0.9,39238,9564,2023-06-15 13:14:49,0,64,17
44,44,10.0.0.3,10.0.0.9,47177,9564,2023-06-15 13:14:51,2,64,17
44,44,10.0.0.10,10.0.0.9,54888,9564,2023-06-15 13:14:51,0,64,17
44,44,10.0.0.1,10.0.0.9,45714,9564,2023-06-15 13:14:51,0,64,17
44,44,10.0.0.5,10.0.0.9,55881,9564,2023-06-15 13:14:51,0,64,17
44,44,10.0.0.8,10.0.0.9,39095,9564,2023-06-15 13:14:52,1,64,17
44,44,10.0.0.4,10.0.0.9,52955,9564,2023-06-15 13:14:53,1,64,17
44,44,10.0.0.6,10.0.0.9,52629,9564,2023-06-15 13:14:53,0,64,17
44,44,10.0.0.2,10.0.0.9,54990,9564,2023-06-15 13:14:53,0,64,17
44,44,255.31.31.156,10.0.0.9,,,2023-06-15 13:14:53,33,0,1
44,44,10.0.0.9,10.0.0.1,54436,9564,2023-06-15 13:14:53,0,64,17
44,44,10.0.0.9,10.0.0.2,54436,9564,2023-06-15 13:14:53,0,64,17
44,44,10.0.0.9,10.0.0.3,54436,9564,2023-06-15 13:14:53,0,64,17
44,44,10.0.0.9,10.0.0.4,54436,9564,2023-06-15 13:14:53,0,64,17
44,44,10.0.0.9,10.0.0.5,54436,9564,2023-06-15 13:14:53,0,64,17
44,44,10.0.0.9,10.0.0.6,54436,9564,2023-06-15 13:14:53,0,64,17
44,44,10.0.0.9,10.0.0.7,54436,9564,2023-06-15 13:14:53,0,64,17
44,44,10.0.0.9,10.0.0.8,54436,9564,2023-06-15 13:14:53,0,64,17
44,44,10.0.0.9,10.0.0.10,54436,9564,2023-06-15 13:14:53,0,64,17
44,44,10.0.0.9,10.0.0.9,54436,9564,2023-06-15 13:14:53,5,64,17
44,44,10.0.0.7,10.0.0.9,38413,9564,2023-06-15 13:14:54,1,64,17
43,43,10.0.0.21,10.0.0.9,39238,9564,2023-06-15 13:14:54,0,64,17
44,44,10.0.0.10,10.0.0.9,54888,9564,2023-06-15 13:14:56,2,64,17
44,44,10.0.0.3,10.0.0.9,47177,9564,2023-06-15 13:14:56,0,64,17
44,44,2.117.218.89,10.0.0.1,,,2023-06-15 13:14:56,3,0,1
44,44,10.0.0.1,10.0.0.9,45714,9564,2023-06-15 13:14:56,0,64,17
44,44,10.0.0.5,10.0.0.9,55881,9564,2023-06-15 13:14:56,0,64,17
44,44,10.0.0.8,10.0.0.9,39095,9564,2023-06-15 13:14:57,1,64,17
44,44,10.0.0.4,10.0.0.9,52955,9564,2023-06-15 13:14:58,1,64,17
44,44,10.0.0.6,10.0.0.9,52629,9564,2023-06-15 13:14:58,0,64,17
44,44,10.0.0.2,10.0.0.9,54990,9564,2023-06-15 13:14:58,0,64,17
44,44,10.0.0.9,10.0.0.9,54436,9564,2023-06-15 13:14:58,5,64,17
44,44,10.0.0.9,10.0.0.1,54436,9564,2023-06-15 13:14:58,0,64,17
44,44,10.0.0.9,10.0.0.2,54436,9564,2023-06-15 13:14:58,0,64,17
44,44,10.0.0.9,10.0.0.3,54436,9564,2023-06-15 13:14:58,0,64,17
44,44,255.31.31.156,10.0.0.9,,,2023-06-15 13:14:58,2,0,1
44,44,10.0.0.9,10.0.0.4,54436,9564,2023-06-15 13:14:58,0,64,17
44,44,10.0.0.9,10.0.0.5,54436,9564,2023-06-15 13:14:58,0,64,17
44,44,10.0.0.9,10.0.0.6,54436,9564,2023-06-15 13:14:58,0,64,17
44,44,10.0.0.9,10.0.0.7,54436,9564,2023-06-15 13:14:58,0,64,17
44,44,10.0.0.9,10.0.0.8,54436,9564,2023-06-15 13:14:58,0,64,17
44,44,10.0.0.9,10.0.0.10,54436,9564,2023-06-15 13:14:58,0,64,17
44,44,10.0.0.7,10.0.0.9,38413,9564,2023-06-15 13:14:59,1,64,17
44,44,10.0.0.21,10.0.0.9,39238,9564,2023-06-15 13:14:59,0,64,17
44,44,10.0.0.10,10.0.0.9,54888,9564,2023-06-15 13:15:01,2,64,17
44,44,10.0.0.3,10.0.0.9,47177,9564,2023-06-15 13:15:01,0,64,17
44,44,10.0.0.1,10.0.0.9,45714,9564,2023-06-15 13:15:01,0,64,17
44,44,10.0.0.5,10.0.0.9,55881,9564,2023-06-15 13:15:01,0,64,17
44,44,10.0.0.8,10.0.0.9,39095,9564,2023-06-15 13:15:02,1,64,17
44,44,10.0.0.4,10.0.0.9,52955,9564,2023-06-15 13:15:03,1,64,17
44,44,10.0.0.2,10.0.0.9,54990,9564,2023-06-15 13:15:03,0,64,17
44,44,10.0.0.6,10.0.0.9,52629,9564,2023-06-15 13:15:03,0,64,17
44,44,10.0.0.9,10.0.0.9,54436,9564,2023-06-15 13:15:03,5,64,17
44,44,10.0.0.9,10.0.0.1,54436,9564,2023-06-15 13:15:03,0,64,17
44,44,10.0.0.9,10.0.0.2,54436,9564,2023-06-15 13:15:03,0,64,17
44,44,10.0.0.9,10.0.0.3,54436,9564,2023-06-15 13:15:03,0,64,17
44,44,10.0.0.9,10.0.0.4,54436,9564,2023-06-15 13:15:03,0,64,17
44,44,10.0.0.9,10.0.0.5,54436,9564,2023-06-15 13:15:03,0,64,17
44,44,10.0.0.9,10.0.0.6,54436,9564,2023-06-15 13:15:03,0,64,17
44,44,10.0.0.9,10.0.0.7,54436,9564,2023-06-15 13:15:03,0,64,17
44,44,10.0.0.9,10.0.0.8,54436,9564,2023-06-15 13:15:03,0,64,17
44,44,10.0.0.9,10.0.0.10,54436,9564,2023-06-15 13:15:03,0,64,17
44,44,10.0.0.7,10.0.0.9,38413,9564,2023-06-15 13:15:04,1,64,17
43,43,10.0.0.21,10.0.0.9,39238,9564,2023-06-15 13:15:04,0,64,17
44,44,10.0.0.10,10.0.0.9,54888,9564,2023-06-15 13:15:06,2,64,17
44,44,10.0.0.3,10.0.0.9,47177,9564,2023-06-15 13:15:06,0,64,17
44,44,10.0.0.1,10.0.0.9,45714,9564,2023-06-15 13:15:06,0,64,17
44,44,10.0.0.5,10.0.0.9,55881,9564,2023-06-15 13:15:06,0,64,17
44,44,10.0.0.8,10.0.0.9,39095,9564,2023-06-15 13:15:07,1,64,17
44,44,10.0.0.2,10.0.0.9,54990,9564,2023-06-15 13:15:08,1,64,17
44,44,10.0.0.4,10.0.0.9,52955,9564,2023-06-15 13:15:08,0,64,17
44,44,10.0.0.6,10.0.0.9,52629,9564,2023-06-15 13:15:08,0,64,17
44,44,10.0.0.9,10.0.0.1,54436,9564,2023-06-15 13:15:08,0,64,17
44,44,10.0.0.9,10.0.0.2,54436,9564,2023-06-15 13:15:08,0,64,17
44,44,10.0.0.9,10.0.0.3,54436,9564,2023-06-15 13:15:08,0,64,17
44,44,10.0.0.9,10.0.0.9,54436,9564,2023-06-15 13:15:08,5,64,17
44,44,10.0.0.9,10.0.0.4,54436,9564,2023-06-15 13:15:08,0,64,17
44,44,10.0.0.9,10.0.0.5,54436,9564,2023-06-15 13:15:08,0,64,17
44,44,10.0.0.9,10.0.0.6,54436,9564,2023-06-15 13:15:08,0,64,17
44,44,10.0.0.9,10.0.0.7,54436,9564,2023-06-15 13:15:08,0,64,17
44,44,10.0.0.9,10.0.0.8,54436,9564,2023-06-15 13:15:08,0,64,17
44,44,10.0.0.9,10.0.0.10,54436,9564,2023-06-15 13:15:08,0,64,17
44,44,10.0.0.7,10.0.0.9,38413,9564,2023-06-15 13:15:09,1,64,17
43,43,10.0.0.21,10.0.0.9,39238,9564,2023-06-15 13:15:09,0,64,17
44,44,10.0.0.10,10.0.0.9,54888,9564,2023-06-15 13:15:11,2,64,17
44,44,10.0.0.1,10.0.0.9,45714,9564,2023-06-15 13:15:11,0,64,17
44,44,10.0.0.5,10.0.0.9,55881,9564,2023-06-15 13:15:11,0,64,17
44,44,10.0.0.3,10.0.0.9,47177,9564,2023-06-15 13:15:12,1,64,17
44,44,10.0.0.8,10.0.0.9,39095,9564,2023-06-15 13:15:12,0,64,17
44,44,10.0.0.4,10.0.0.9,52955,9564,2023-06-15 13:15:13,1,64,17
44,44,10.0.0.2,10.0.0.9,54990,9564,2023-06-15 13:15:13,0,64,17
44,44,10.0.0.6,10.0.0.9,52629,9564,2023-06-15 13:15:13,0,64,17
44,44,10.0.0.9,10.0.0.9,54436,9564,2023-06-15 13:15:13,5,64,17
44,44,10.0.0.9,10.0.0.1,54436,9564,2023-06-15 13:15:13,0,64,17
44,44,10.0.0.9,10.0.0.2,54436,9564,2023-06-15 13:15:13,0,64,17
44,44,10.0.0.9,10.0.0.3,54436,9564,2023-06-15 13:15:13,0,64,17
44,44,10.0.0.9,10.0.0.4,54436,9564,2023-06-15 13:15:13,0,64,17
44,44,10.0.0.9,10.0.0.5,54436,9564,2023-06-15 13:15:13,0,64,17
44,44,10.0.0.9,10.0.0.6,54436,9564,2023-06-15 13:15:13,0,64,17
44,44,10.0.0.9,10.0.0.7,54436,9564,2023-06-15 13:15:13,0,64,17
44,44,10.0.0.9,10.0.0.8,54436,9564,2023-06-15 13:15:13,0,64,17
44,44,10.0.0.9,10.0.0.10,54436,9564,2023-06-15 13:15:13,0,64,17
43,43,10.0.0.21,10.0.0.9,39238,9564,2023-06-15 13:15:14,1,64,17
44,44,10.0.0.7,10.0.0.9,38413,9564,2023-06-15 13:15:15,1,64,17
44,44,10.0.0.10,10.0.0.9,54888,9564,2023-06-15 13:15:16,1,64,17
44,44,10.0.0.5,10.0.0.9,55881,9564,2023-06-15 13:15:16,0,64,17
44,44,10.0.0.1,10.0.0.9,45714,9564,2023-06-15 13:15:17,1,64,17
44,44,10.0.0.3,10.0.0.9,47177,9564,2023-06-15 13:15:17,0,64,17
44,44,10.0.0.8,10.0.0.9,39095,9564,2023-06-15 13:15:17,0,64,17
44,44,10.0.0.9,10.0.0.9,54436,9564,2023-06-15 13:15:18,5,64,17
44,44,10.0.0.2,10.0.0.9,54990,9564,2023-06-15 13:15:18,1,64,17
44,44,10.0.0.4,10.0.0.9,52955,9564,2023-06-15 13:15:18,0,64,17
44,44,10.0.0.6,10.0.0.9,52629,9564,2023-06-15 13:15:18,0,64,17
44,44,10.0.0.9,10.0.0.1,54436,9564,2023-06-15 13:15:18,0,64,17
44,44,10.0.0.9,10.0.0.2,54436,9564,2023-06-15 13:15:18,0,64,17
44,44,10.0.0.9,10.0.0.3,54436,9564,2023-06-15 13:15:18,0,64,17
44,44,10.0.0.9,10.0.0.4,54436,9564,2023-06-15 13:15:18,0,64,17
44,44,10.0.0.9,10.0.0.5,54436,9564,2023-06-15 13:15:18,0,64,17
44,44,10.0.0.9,10.0.0.6,54436,9564,2023-06-15 13:15:18,0,64,17
44,44,10.0.0.9,10.0.0.7,54436,9564,2023-06-15 13:15:18,0,64,17
44,44,10.0.0.9,10.0.0.8,54436,9564,2023-06-15 13:15:18,0,64,17
44,44,10.0.0.9,10.0.0.10,54436,9564,2023-06-15 13:15:18,0,64,17
43,43,10.0.0.21,10.0.0.9,39238,9564,2023-06-15 13:15:19,1,64,17
44,44,10.0.0.7,10.0.0.9,38413,9564,2023-06-15 13:15:20,1,64,17
44,44,10.0.0.10,10.0.0.9,54888,9564,2023-06-15 13:15:21,1,64,17
44,44,10.0.0.5,10.0.0.9,55881,9564,2023-06-15 13:15:21,0,64,17
44,44,10.0.0.1,10.0.0.9,45714,9564,2023-06-15 13:15:22,1,64,17
44,44,10.0.0.3,10.0.0.9,47177,9564,2023-06-15 13:15:22,0,64,17
44,44,10.0.0.8,10.0.0.9,39095,9564,2023-06-15 13:15:22,0,64,17
44,44,10.0.0.4,10.0.0.9,52955,9564,2023-06-15 13:15:23,1,64,17
44,44,10.0.0.2,10.0.0.9,54990,9564,2023-06-15 13:15:23,0,64,17
44,44,10.0.0.6,10.0.0.9,52629,9564,2023-06-15 13:15:23,0,64,17
44,44,10.0.0.9,10.0.0.1,54436,9564,2023-06-15 13:15:23,0,64,17
44,44,10.0.0.9,10.0.0.2,54436,9564,2023-06-15 13:15:23,0,64,17
44,44,10.0.0.9,10.0.0.3,54436,9564,2023-06-15 13:15:23,0,64,17
44,44,10.0.0.9,10.0.0.4,54436,9564,2023-06-15 13:15:23,0,64,17
44,44,10.0.0.9,10.0.0.5,54436,9564,2023-06-15 13:15:23,0,64,17
44,44,10.0.0.9,10.0.0.6,54436,9564,2023-06-15 13:15:23,0,64,17
44,44,10.0.0.9,10.0.0.7,54436,9564,2023-06-15 13:15:23,0,64,17
44,44,10.0.0.9,10.0.0.8,54436,9564,2023-06-15 13:15:23,0,64,17
44,44,10.0.0.9,10.0.0.10,54436,9564,2023-06-15 13:15:23,0,64,17
44,44,10.0.0.9,10.0.0.9,54436,9564,2023-06-15 13:15:23,5,64,17
43,43,10.0.0.21,10.0.0.9,39238,9564,2023-06-15 13:15:24,1,64,17
44,44,10.0.0.7,10.0.0.9,38413,9564,2023-06-15 13:15:25,1,64,17
44,44,10.0.0.10,10.0.0.9,54888,9564,2023-06-15 13:15:26,1,64,17
44,44,10.0.0.5,10.0.0.9,55881,9564,2023-06-15 13:15:26,0,64,17
44,44,10.0.0.1,10.0.0.9,45714,9564,2023-06-15 13:15:27,1,64,17
44,44,10.0.0.3,10.0.0.9,47177,9564,2023-06-15 13:15:27,0,64,17
44,44,10.0.0.8,10.0.0.9,39095,9564,2023-06-15 13:15:28,1,64,17
72,72,0.0.0.0,0.0.108.91,,,2023-06-15 13:15:28,30,58,255
44,44,10.0.0.4,10.0.0.9,52955,9564,2023-06-15 13:15:28,0,64,17
44,44,10.0.0.6,10.0.0.9,52629,9564,2023-06-15 13:15:28,0,64,17
44,44,10.0.0.2,10.0.0.9,54990,9564,2023-06-15 13:15:28,0,64,17
44,44,10.0.0.9,10.0.0.1,54436,9564,2023-06-15 13:15:28,0,64,17
44,44,10.0.0.9,10.0.0.2,54436,9564,2023-06-15 13:15:28,0,64,17
44,44,10.0.0.9,10.0.0.3,54436,9564,2023-06-15 13:15:28,0,64,17
44,44,10.0.0.9,10.0.0.4,54436,9564,2023-06-15 13:15:28,0,64,17
44,44,10.0.0.9,10.0.0.5,54436,9564,2023-06-15 13:15:28,0,64,17
44,44,10.0.0.9,10.0.0.6,54436,9564,2023-06-15 13:15:28,0,64,17
44,44,10.0.0.9,10.0.0.7,54436,9564,2023-06-15 13:15:28,0,64,17
44,44,10.0.0.9,10.0.0.8,54436,9564,2023-06-15 13:15:28,0,64,17
44,44,10.0.0.9,10.0.0.10,54436,9564,2023-06-15 13:15:28,0,64,17
44,44,10.0.0.9,10.0.0.9,54436,9564,2023-06-15 13:15:28,5,64,17
43,43,10.0.0.21,10.0.0.9,39238,9564,2023-06-15 13:15:29,1,64,17
44,44,10.0.0.7,10.0.0.9,38413,9564,2023-06-15 13:15:30,1,64,17
44,44,10.0.0.10,10.0.0.9,54888,9564,2023-06-15 13:15:31,1,64,17
44,44,10.0.0.3,10.0.0.9,47177,9564,2023-06-15 13:15:32,1,64,17
44,44,10.0.0.1,10.0.0.9,45714,9564,2023-06-15 13:15:32,0,64,17
44,44,10.0.0.5,10.0.0.9,55881,9564,2023-06-15 13:15:32,0,64,17
44,44,10.0.0.8,10.0.0.9,39095,9564,2023-06-15 13:15:33,1,64,17
44,44,10.0.0.4,10.0.0.9,52955,9564,2023-06-15 13:15:33,0,64,17
44,44,10.0.0.6,10.0.0.9,52629,9564,2023-06-15 13:15:33,0,64,17
44,44,10.0.0.2,10.0.0.9,54990,9564,2023-06-15 13:15:33,0,64,17
44,44,10.0.0.9,10.0.0.9,54436,9564,2023-06-15 13:15:33,5,64,17
44,44,10.0.0.9,10.0.0.1,54436,9564,2023-06-15 13:15:33,0,64,17
44,44,10.0.0.9,10.0.0.2,54436,9564,2023-06-15 13:15:33,0,64,17
44,44,10.0.0.9,10.0.0.3,54436,9564,2023-06-15 13:15:33,0,64,17
44,44,10.0.0.9,10.0.0.4,54436,9564,2023-06-15 13:15:33,0,64,17
44,44,10.0.0.9,10.0.0.5,54436,9564,2023-06-15 13:15:33,0,64,17
44,44,10.0.0.9,10.0.0.6,54436,9564,2023-06-15 13:15:33,0,64,17
44,44,10.0.0.9,10.0.0.7,54436,9564,2023-06-15 13:15:33,0,64,17
44,44,10.0.0.9,10.0.0.8,54436,9564,2023-06-15 13:15:33,0,64,17
44,44,10.0.0.9,10.0.0.10,54436,9564,2023-06-15 13:15:33,0,64,17
44,44,255.31.31.156,10.0.0.9,,,2023-06-15 13:15:33,5,0,1
43,43,10.0.0.21,10.0.0.9,39238,9564,2023-06-15 13:15:34,1,64,17
44,44,10.0.0.7,10.0.0.9,38413,9564,2023-06-15 13:15:35,1,64,17
44,44,10.0.0.10,10.0.0.9,54888,9564,2023-06-15 13:15:36,1,64,17
44,44,10.0.0.3,10.0.0.9,47177,9564,2023-06-15 13:15:37,1,64,17
44,44,10.0.0.5,10.0.0.9,55881,9564,2023-06-15 13:15:37,0,64,17
44,44,10.0.0.1,10.0.0.9,45714,9564,2023-06-15 13:15:37,0,64,17
44,44,10.0.0.8,10.0.0.9,39095,9564,2023-06-15 13:15:38,1,64,17
44,44,10.0.0.4,10.0.0.9,52955,9564,2023-06-15 13:15:38,0,64,17
44,44,10.0.0.2,10.0.0.9,54990,9564,2023-06-15 13:15:38,0,64,17
44,44,10.0.0.6,10.0.0.9,52629,9564,2023-06-15 13:15:38,0,64,17
44,44,10.0.0.9,10.0.0.9,54436,9564,2023-06-15 13:15:38,5,64,17
44,44,10.0.0.9,10.0.0.1,54436,9564,2023-06-15 13:15:38,0,64,17
44,44,10.0.0.9,10.0.0.2,54436,9564,2023-06-15 13:15:38,0,64,17
44,44,10.0.0.9,10.0.0.3,54436,9564,2023-06-15 13:15:38,0,64,17
44,44,10.0.0.9,10.0.0.4,54436,9564,2023-06-15 13:15:38,0,64,17
44,44,10.0.0.9,10.0.0.5,54436,9564,2023-06-15 13:15:38,0,64,17
44,44,10.0.0.9,10.0.0.6,54436,9564,2023-06-15 13:15:38,0,64,17
44,44,10.0.0.9,10.0.0.7,54436,9564,2023-06-15 13:15:38,0,64,17
44,44,10.0.0.9,10.0.0.8,54436,9564,2023-06-15 13:15:38,0,64,17
44,44,10.0.0.9,10.0.0.10,54436,9564,2023-06-15 13:15:38,0,64,17
43,43,10.0.0.21,10.0.0.9,39238,9564,2023-06-15 13:15:39,1,64,17
44,44,10.0.0.7,10.0.0.9,38413,9564,2023-06-15 13:15:40,1,64,17
44,44,10.0.0.10,10.0.0.9,54888,9564,2023-06-15 13:15:41,1,64,17
44,44,10.0.0.3,10.0.0.9,47177,9564,2023-06-15 13:15:42,1,64,17
44,44,10.0.0.1,10.0.0.9,45714,9564,2023-06-15 13:15:42,0,64,17
44,44,10.0.0.5,10.0.0.9,55881,9564,2023-06-15 13:15:42,0,64,17
44,44,10.0.0.8,10.0.0.9,39095,9564,2023-06-15 13:15:43,1,64,17
46,46,7.36.10.0,0.4.10.0,,,2023-06-15 13:15:43,10,64,0
44,44,10.0.0.4,10.0.0.9,52955,9564,2023-06-15 13:15:43,0,64,17
44,44,10.0.0.2,10.0.0.9,54990,9564,2023-06-15 13:15:43,0,64,17
44,44,10.0.0.9,10.0.0.1,54436,9564,2023-06-15 13:15:44,1,64,17
44,44,10.0.0.9,10.0.0.2,54436,9564,2023-06-15 13:15:44,0,64,17
44,44,10.0.0.9,10.0.0.3,54436,9564,2023-06-15 13:15:44,0,64,17
44,44,10.0.0.9,10.0.0.4,54436,9564,2023-06-15 13:15:44,0,64,17
44,44,10.0.0.9,10.0.0.5,54436,9564,2023-06-15 13:15:44,0,64,17
44,44,10.0.0.9,10.0.0.6,54436,9564,2023-06-15 13:15:44,0,64,17
44,44,10.0.0.9,10.0.0.7,54436,9564,2023-06-15 13:15:44,0,64,17
44,44,10.0.0.9,10.0.0.8,54436,9564,2023-06-15 13:15:44,0,64,17
44,44,10.0.0.9,10.0.0.9,54436,9564,2023-06-15 13:15:44,6,64,17
44,44,10.0.0.9,10.0.0.10,54436,9564,2023-06-15 13:15:44,0,64,17
44,44,10.0.0.6,10.0.0.9,52629,9564,2023-06-15 13:15:44,0,64,17
43,43,10.0.0.21,10.0.0.9,39238,9564,2023-06-15 13:15:44,0,64,17
44,44,10.0.0.7,10.0.0.9,38413,9564,2023-06-15 13:15:45,1,64,17
44,44,10.0.0.10,10.0.0.9,54888,9564,2023-06-15 13:15:46,1,64,17
44,44,10.0.0.3,10.0.0.9,47177,9564,2023-06-15 13:15:47,1,64,17
44,44,10.0.0.1,10.0.0.9,45714,9564,2023-06-15 13:15:47,0,64,17
44,44,10.0.0.5,10.0.0.9,55881,9564,2023-06-15 13:15:47,0,64,17
44,44,10.0.0.8,10.0.0.9,39095,9564,2023-06-15 13:15:48,1,64,17
44,44,10.0.0.4,10.0.0.9,52955,9564,2023-06-15 13:15:48,0,64,17
44,44,10.0.0.2,10.0.0.9,54990,9564,2023-06-15 13:15:48,0,64,17
44,44,10.0.0.9,10.0.0.1,54436,9564,2023-06-15 13:15:49,1,64,17
44,44,10.0.0.9,10.0.0.2,54436,9564,2023-06-15 13:15:49,0,64,17
44,44,10.0.0.9,10.0.0.3,54436,9564,2023-06-15 13:15:49,0,64,17
44,44,10.0.0.9,10.0.0.4,54436,9564,2023-06-15 13:15:49,0,64,17
44,44,10.0.0.9,10.0.0.5,54436,9564,2023-06-15 13:15:49,0,64,17
44,44,10.0.0.9,10.0.0.6,54436,9564,2023-06-15 13:15:49,0,64,17
44,44,10.0.0.9,10.0.0.7,54436,9564,2023-06-15 13:15:49,0,64,17
44,44,10.0.0.9,10.0.0.8,54436,9564,2023-06-15 13:15:49,0,64,17
44,44,10.0.0.9,10.0.0.10,54436,9564,2023-06-15 13:15:49,0,64,17
44,44,10.0.0.9,10.0.0.9,54436,9564,2023-06-15 13:15:49,5,64,17
44,44,10.0.0.6,10.0.0.9,52629,9564,2023-06-15 13:15:49,0,64,17
43,43,10.0.0.21,10.0.0.9,39238,9564,2023-06-15 13:15:49,0,64,17
44,44,10.0.0.7,10.0.0.9,38413,9564,2023-06-15 13:15:50,1,64,17
44,44,10.0.0.10,10.0.0.9,54888,9564,2023-06-15 13:15:51,1,64,17
44,44,10.0.0.3,10.0.0.9,47177,9564,2023-06-15 13:15:52,1,64,17
44,44,10.0.0.1,10.0.0.9,45714,9564,2023-06-15 13:15:52,0,64,17
44,44,10.0.0.5,10.0.0.9,55881,9564,2023-06-15 13:15:52,0,64,17
44,44,10.0.0.8,10.0.0.9,39095,9564,2023-06-15 13:15:53,1,64,17
44,44,10.0.0.4,10.0.0.9,52955,9564,2023-06-15 13:15:53,0,64,17
44,44,10.0.0.2,10.0.0.9,54990,9564,2023-06-15 13:15:53,0,64,17
44,44,10.0.0.9,10.0.0.1,54436,9564,2023-06-15 13:15:54,1,64,17
44,44,10.0.0.9,10.0.0.2,54436,9564,2023-06-15 13:15:54,0,64,17
44,44,10.0.0.9,10.0.0.3,54436,9564,2023-06-15 13:15:54,0,64,17
44,44,10.0.0.9,10.0.0.4,54436,9564,2023-06-15 13:15:54,0,64,17
44,44,10.0.0.9,10.0.0.5,54436,9564,2023-06-15 13:15:54,0,64,17
44,44,10.0.0.9,10.0.0.6,54436,9564,2023-06-15 13:15:54,0,64,17
44,44,10.0.0.9,10.0.0.7,54436,9564,2023-06-15 13:15:54,0,64,17
44,44,10.0.0.9,10.0.0.8,54436,9564,2023-06-15 13:15:54,0,64,17
44,44,10.0.0.9,10.0.0.10,54436,9564,2023-06-15 13:15:54,0,64,17
44,44,10.0.0.9,10.0.0.9,54436,9564,2023-06-15 13:15:54,5,64,17
44,44,10.0.0.6,10.0.0.9,52629,9564,2023-06-15 13:15:54,0,64,17
44,44,10.0.0.21,10.0.0.9,39238,9564,2023-06-15 13:15:54,0,64,17
44,44,10.0.0.7,10.0.0.9,38413,9564,2023-06-15 13:15:55,1,64,17
44,44,10.0.0.10,10.0.0.9,54888,9564,2023-06-15 13:15:56,1,64,17
44,44,10.0.0.1,10.0.0.9,45714,9564,2023-06-15 13:15:57,1,64,17
44,44,10.0.0.3,10.0.0.9,47177,9564,2023-06-15 13:15:57,0,64,17
44,44,10.0.0.5,10.0.0.9,55881,9564,2023-06-15 13:15:57,0,64,17
44,44,10.0.0.8,10.0.0.9,39095,9564,2023-06-15 13:15:58,1,64,17
44,44,10.0.0.4,10.0.0.9,52955,9564,2023-06-15 13:15:58,0,64,17
44,44,10.0.0.2,10.0.0.9,54990,9564,2023-06-15 13:15:58,0,64,17
44,44,10.0.0.9,10.0.0.9,54436,9564,2023-06-15 13:15:59,5,64,17
44,44,10.0.0.9,10.0.0.1,54436,9564,2023-06-15 13:15:59,1,64,17
44,44,10.0.0.9,10.0.0.2,54436,9564,2023-06-15 13:15:59,0,64,17
44,44,10.0.0.9,10.0.0.3,54436,9564,2023-06-15 13:15:59,0,64,17
44,44,10.0.0.9,10.0.0.4,54436,9564,2023-06-15 13:15:59,0,64,17
44,44,10.0.0.9,10.0.0.5,54436,9564,2023-06-15 13:15:59,0,64,17
44,44,10.0.0.9,10.0.0.6,54436,9564,2023-06-15 13:15:59,0,64,17
44,44,10.0.0.9,10.0.0.7,54436,9564,2023-06-15 13:15:59,0,64,17
44,44,10.0.0.9,10.0.0.8,54436,9564,2023-06-15 13:15:59,0,64,17
44,44,10.0.0.9,10.0.0.10,54436,9564,2023-06-15 13:15:59,0,64,17
44,44,10.0.0.6,10.0.0.9,52629,9564,2023-06-15 13:15:59,0,64,17
43,43,10.0.0.21,10.0.0.9,39238,9564,2023-06-15 13:15:59,0,64,17
44,44,10.0.0.7,10.0.0.9,38413,9564,2023-06-15 13:16:00,1,64,17
44,44,10.0.0.10,10.0.0.9,54888,9564,2023-06-15 13:16:01,1,64,17
44,44,10.0.0.1,10.0.0.9,45714,9564,2023-06-15 13:16:02,1,64,17
44,44,10.0.0.5,10.0.0.9,55881,9564,2023-06-15 13:16:02,0,64,17
44,44,10.0.0.3,10.0.0.9,47177,9564,2023-06-15 13:16:02,0,64,17
44,44,10.0.0.8,10.0.0.9,39095,9564,2023-06-15 13:16:03,1,64,17
44,44,10.0.0.2,10.0.0.9,54990,9564,2023-06-15 13:16:03,0,64,17
44,44,10.0.0.4,10.0.0.9,52955,9564,2023-06-15 13:16:03,0,64,17
44,44,10.0.0.9,10.0.0.1,54436,9564,2023-06-15 13:16:04,1,64,17
44,44,10.0.0.9,10.0.0.2,54436,9564,2023-06-15 13:16:04,0,64,17
44,44,10.0.0.9,10.0.0.3,54436,9564,2023-06-15 13:16:04,0,64,17
44,44,10.0.0.9,10.0.0.4,54436,9564,2023-06-15 13:16:04,0,64,17
44,44,10.0.0.9,10.0.0.5,54436,9564,2023-06-15 13:16:04,0,64,17
44,44,10.0.0.9,10.0.0.6,54436,9564,2023-06-15 13:16:04,0,64,17
44,44,10.0.0.9,10.0.0.7,54436,9564,2023-06-15 13:16:04,0,64,17
44,44,10.0.0.9,10.0.0.8,54436,9564,2023-06-15 13:16:04,0,64,17
44,44,10.0.0.9,10.0.0.10,54436,9564,2023-06-15 13:16:04,0,64,17
44,44,10.0.0.9,10.0.0.9,54436,9564,2023-06-15 13:16:04,5,64,17
44,44,10.0.0.6,10.0.0.9,52629,9564,2023-06-15 13:16:04,0,64,17
43,43,10.0.0.21,10.0.0.9,39238,9564,2023-06-15 13:16:04,0,64,17
44,44,10.0.0.7,10.0.0.9,38413,9564,2023-06-15 13:16:05,1,64,17
44,44,10.0.0.10,10.0.0.9,54888,9564,2023-06-15 13:16:06,1,64,17
44,44,10.0.0.5,10.0.0.9,55881,9564,2023-06-15 13:16:07,1,64,17
44,44,10.0.0.1,10.0.0.9,45714,9564,2023-06-15 13:16:07,0,64,17
44,44,10.0.0.3,10.0.0.9,47177,9564,2023-06-15 13:16:07,0,64,17
44,44,10.0.0.8,10.0.0.9,39095,9564,2023-06-15 13:16:08,1,64,17
44,44,10.0.0.2,10.0.0.9,54990,9564,2023-06-15 13:16:08,0,64,17
44,44,10.0.0.4,10.0.0.9,52955,9564,2023-06-15 13:16:08,0,64,17
44,44,255.31.31.156,10.0.0.9,,,2023-06-15 13:16:09,26,0,1
44,44,10.0.0.9,10.0.0.1,54436,9564,2023-06-15 13:16:09,1,64,17
44,44,10.0.0.9,10.0.0.2,54436,9564,2023-06-15 13:16:09,0,64,17
44,44,10.0.0.9,10.0.0.3,54436,9564,2023-06-15 13:16:09,0,64,17
44,44,10.0.0.9,10.0.0.4,54436,9564,2023-06-15 13:16:09,0,64,17
44,44,10.0.0.9,10.0.0.5,54436,9564,2023-06-15 13:16:09,0,64,17
44,44,10.0.0.9,10.0.0.6,54436,9564,2023-06-15 13:16:09,0,64,17
44,44,10.0.0.9,10.0.0.7,54436,9564,2023-06-15 13:16:09,0,64,17
44,44,10.0.0.9,10.0.0.8,54436,9564,2023-06-15 13:16:09,0,64,17
44,44,10.0.0.9,10.0.0.10,54436,9564,2023-06-15 13:16:09,0,64,17
44,44,10.0.0.9,10.0.0.9,54436,9564,2023-06-15 13:16:09,5,64,17
44,44,10.0.0.6,10.0.0.9,52629,9564,2023-06-15 13:16:09,0,64,17
43,43,10.0.0.21,10.0.0.9,39238,9564,2023-06-15 13:16:09,0,64,17
44,44,10.0.0.7,10.0.0.9,38413,9564,2023-06-15 13:16:10,1,64,17
44,44,10.0.0.10,10.0.0.9,54888,9564,2023-06-15 13:16:11,1,64,17
44,44,10.0.0.1,10.0.0.9,45714,9564,2023-06-15 13:16:12,1,64,17
44,44,10.0.0.5,10.0.0.9,55881,9564,2023-06-15 13:16:12,0,64,17
44,44,10.0.0.3,10.0.0.9,47177,9564,2023-06-15 13:16:13,1,64,17
44,44,10.0.0.8,10.0.0.9,39095,9564,2023-06-15 13:16:13,0,64,17
44,44,10.0.0.2,10.0.0.9,54990,9564,2023-06-15 13:16:13,0,64,17
44,44,10.0.0.4,10.0.0.9,52955,9564,2023-06-15 13:16:14,1,64,17
44,44,10.0.0.9,10.0.0.1,54436,9564,2023-06-15 13:16:14,0,64,17
44,44,10.0.0.9,10.0.0.2,54436,9564,2023-06-15 13:16:14,0,64,17
44,44,10.0.0.9,10.0.0.3,54436,9564,2023-06-15 13:16:14,0,64,17
44,44,10.0.0.9,10.0.0.4,54436,9564,2023-06-15 13:16:14,0,64,17
44,44,10.0.0.9,10.0.0.5,54436,9564,2023-06-15 13:16:14,0,64,17
44,44,10.0.0.9,10.0.0.6,54436,9564,2023-06-15 13:16:14,0,64,17
44,44,10.0.0.9,10.0.0.7,54436,9564,2023-06-15 13:16:14,0,64,17
44,44,10.0.0.9,10.0.0.8,54436,9564,2023-06-15 13:16:14,0,64,17
44,44,10.0.0.9,10.0.0.10,54436,9564,2023-06-15 13:16:14,0,64,17
44,44,10.0.0.9,10.0.0.9,54436,9564,2023-06-15 13:16:14,5,64,17
44,44,10.0.0.6,10.0.0.9,52629,9564,2023-06-15 13:16:14,0,64,17
43,43,10.0.0.21,10.0.0.9,39238,9564,2023-06-15 13:16:14,0,64,17
44,44,10.0.0.7,10.0.0.9,38413,9564,2023-06-15 13:16:15,1,64,17
44,44,10.0.0.10,10.0.0.9,54888,9564,2023-06-15 13:16:16,1,64,17
44,44,10.0.0.1,10.0.0.9,45714,9564,2023-06-15 13:16:17,1,64,17
44,44,10.0.0.5,10.0.0.9,55881,9564,2023-06-15 13:16:17,0,64,17
44,44,10.0.0.3,10.0.0.9,47177,9564,2023-06-15 13:16:18,1,64,17
44,44,10.0.0.8,10.0.0.9,39095,9564,2023-06-15 13:16:18,0,64,17
44,44,10.0.0.2,10.0.0.9,54990,9564,2023-06-15 13:16:18,0,64,17
44,44,10.0.0.4,10.0.0.9,52955,9564,2023-06-15 13:16:19,1,64,17
44,44,10.0.0.9,10.0.0.1,54436,9564,2023-06-15 13:16:19,0,64,17
44,44,10.0.0.9,10.0.0.2,54436,9564,2023-06-15 13:16:19,0,64,17
44,44,10.0.0.9,10.0.0.3,54436,9564,2023-06-15 13:16:19,0,64,17
44,44,10.0.0.9,10.0.0.4,54436,9564,2023-06-15 13:16:19,0,64,17
44,44,10.0.0.9,10.0.0.5,54436,9564,2023-06-15 13:16:19,0,64,17
44,44,10.0.0.9,10.0.0.6,54436,9564,2023-06-15 13:16:19,0,64,17
44,44,10.0.0.9,10.0.0.9,54436,9564,2023-06-15 13:16:19,5,64,17
44,44,10.0.0.9,10.0.0.7,54436,9564,2023-06-15 13:16:19,0,64,17
44,44,10.0.0.9,10.0.0.8,54436,9564,2023-06-15 13:16:19,0,64,17
44,44,10.0.0.9,10.0.0.10,54436,9564,2023-06-15 13:16:19,0,64,17
44,44,10.0.0.6,10.0.0.9,52629,9564,2023-06-15 13:16:19,0,64,17
43,43,10.0.0.21,10.0.0.9,39238,9564,2023-06-15 13:16:19,0,64,17
44,44,10.0.0.7,10.0.0.9,38413,9564,2023-06-15 13:16:20,1,64,17
44,44,10.0.0.10,10.0.0.9,54888,9564,2023-06-15 13:16:21,1,64,17
44,44,10.0.0.1,10.0.0.9,45714,9564,2023-06-15 13:16:22,1,64,17
44,44,10.0.0.5,10.0.0.9,55881,9564,2023-06-15 13:16:22,0,64,17
44,44,10.0.0.3,10.0.0.9,47177,9564,2023-06-15 13:16:23,1,64,17
170,170,10.0.0.9,10.0.0.6,,,2023-06-15 13:16:23,0,64,1
170,170,10.0.0.6,10.0.0.9,,,2023-06-15 13:16:23,0,64,1
172,172,144.30.10.0,0.6.10.0,,,2023-06-15 13:16:23,14,0,0
44,44,10.0.0.8,10.0.0.9,39095,9564,2023-06-15 13:16:23,0,64,17
44,44,10.0.0.2,10.0.0.9,54990,9564,2023-06-15 13:16:23,0,64,17
44,44,10.0.0.4,10.0.0.9,52955,9564,2023-06-15 13:16:24,1,64,17
44,44,10.0.0.9,10.0.0.1,54436,9564,2023-06-15 13:16:24,0,64,17
44,44,10.0.0.9,10.0.0.2,54436,9564,2023-06-15 13:16:24,0,64,17
44,44,10.0.0.9,10.0.0.3,54436,9564,2023-06-15 13:16:24,0,64,17
44,44,10.0.0.9,10.0.0.4,54436,9564,2023-06-15 13:16:24,0,64,17
44,44,10.0.0.9,10.0.0.5,54436,9564,2023-06-15 13:16:24,0,64,17
44,44,10.0.0.9,10.0.0.6,54436,9564,2023-06-15 13:16:24,0,64,17
44,44,10.0.0.9,10.0.0.7,54436,9564,2023-06-15 13:16:24,0,64,17
44,44,10.0.0.9,10.0.0.8,54436,9564,2023-06-15 13:16:24,0,64,17
44,44,10.0.0.9,10.0.0.10,54436,9564,2023-06-15 13:16:24,0,64,17
44,44,10.0.0.6,10.0.0.9,52629,9564,2023-06-15 13:16:24,0,64,17
44,44,10.0.0.9,10.0.0.9,54436,9564,2023-06-15 13:16:24,5,64,17
43,43,10.0.0.21,10.0.0.9,39238,9564,2023-06-15 13:16:24,0,64,17
44,44,10.0.0.7,10.0.0.9,38413,9564,2023-06-15 13:16:25,1,64,17
44,44,10.0.0.10,10.0.0.9,54888,9564,2023-06-15 13:16:27,2,64,17
44,44,10.0.0.1,10.0.0.9,45714,9564,2023-06-15 13:16:27,0,64,17
44,44,10.0.0.5,10.0.0.9,55881,9564,2023-06-15 13:16:27,0,64,17
170,170,10.0.0.9,10.0.0.7,,,2023-06-15 13:16:27,0,64,1
170,170,10.0.0.7,10.0.0.9,,,2023-06-15 13:16:28,1,64,1
44,44,10.0.0.3,10.0.0.9,47177,9564,2023-06-15 13:16:28,0,64,17
44,44,10.0.0.8,10.0.0.9,39095,9564,2023-06-15 13:16:28,0,64,17
44,44,10.0.0.2,10.0.0.9,54990,9564,2023-06-15 13:16:28,0,64,17
44,44,10.0.0.4,10.0.0.9,52955,9564,2023-06-15 13:16:29,1,64,17
44,44,10.0.0.9,10.0.0.1,54436,9564,2023-06-15 13:16:31,2,64,17
44,44,10.0.0.9,10.0.0.2,54436,9564,2023-06-15 13:16:31,0,64,17
44,44,10.0.0.9,10.0.0.3,54436,9564,2023-06-15 13:16:31,0,64,17
44,44,10.0.0.9,10.0.0.9,54436,9564,2023-06-15 13:16:31,7,64,17
44,44,10.0.0.9,10.0.0.4,54436,9564,2023-06-15 13:16:31,0,64,17
44,44,10.0.0.9,10.0.0.5,54436,9564,2023-06-15 13:16:31,0,64,17
44,44,10.0.0.9,10.0.0.6,54436,9564,2023-06-15 13:16:31,0,64,17
44,44,10.0.0.9,10.0.0.7,54436,9564,2023-06-15 13:16:31,0,64,17
43,43,10.0.0.21,10.0.0.9,39238,9564,2023-06-15 13:16:31,0,64,17
44,44,10.0.0.9,10.0.0.8,54436,9564,2023-06-15 13:16:31,0,64,17
44,44,10.0.0.9,10.0.0.10,54436,9564,2023-06-15 13:16:31,0,64,17
44,44,10.0.0.6,10.0.0.9,52629,9564,2023-06-15 13:16:31,0,64,17
44,44,10.0.0.7,10.0.0.9,38413,9564,2023-06-15 13:16:31,0,64,17
44,44,10.0.0.10,10.0.0.9,54888,9564,2023-06-15 13:16:32,1,64,17
44,44,10.0.0.1,10.0.0.9,45714,9564,2023-06-15 13:16:32,0,64,17
172,172,101.18.10.0,0.9.10.0,,,2023-06-15 13:16:32,9,0,0
170,170,10.0.0.1,10.0.0.9,,,2023-06-15 13:16:32,0,64,1
170,170,10.0.0.9,10.0.0.1,,,2023-06-15 13:16:32,0,64,1
44,44,10.0.0.5,10.0.0.9,55881,9564,2023-06-15 13:16:32,0,64,17
44,44,10.0.0.3,10.0.0.9,47177,9564,2023-06-15 13:16:33,1,64,17
44,44,10.0.0.8,10.0.0.9,39095,9564,2023-06-15 13:16:33,0,64,17
44,44,10.0.0.2,10.0.0.9,54990,9564,2023-06-15 13:16:33,0,64,17
44,44,10.0.0.4,10.0.0.9,52955,9564,2023-06-15 13:16:34,1,64,17
43,43,10.0.0.21,10.0.0.9,39238,9564,2023-06-15 13:16:36,2,64,17
44,44,10.0.0.6,10.0.0.9,52629,9564,2023-06-15 13:16:36,0,64,17
44,44,10.0.0.7,10.0.0.9,38413,9564,2023-06-15 13:16:36,0,64,17
44,44,10.0.0.9,10.0.0.9,54436,9564,2023-06-15 13:16:36,5,64,17
44,44,10.0.0.9,10.0.0.1,54436,9564,2023-06-15 13:16:36,0,64,17
44,44,10.0.0.9,10.0.0.2,54436,9564,2023-06-15 13:16:36,0,64,17
44,44,10.0.0.9,10.0.0.3,54436,9564,2023-06-15 13:16:36,0,64,17
44,44,10.0.0.9,10.0.0.4,54436,9564,2023-06-15 13:16:36,0,64,17
44,44,10.0.0.9,10.0.0.5,54436,9564,2023-06-15 13:16:36,0,64,17
44,44,10.0.0.9,10.0.0.6,54436,9564,2023-06-15 13:16:36,0,64,17
44,44,10.0.0.9,10.0.0.7,54436,9564,2023-06-15 13:16:36,0,64,17
44,44,10.0.0.9,10.0.0.8,54436,9564,2023-06-15 13:16:36,0,64,17
44,44,10.0.0.9,10.0.0.10,54436,9564,2023-06-15 13:16:36,0,64,17
44,44,10.0.0.10,10.0.0.9,54888,9564,2023-06-15 13:16:37,1,64,17
44,44,10.0.0.1,10.0.0.9,45714,9564,2023-06-15 13:16:37,0,64,17
44,44,10.0.0.5,10.0.0.9,55881,9564,2023-06-15 13:16:38,1,64,17
44,44,10.0.0.3,10.0.0.9,47177,9564,2023-06-15 13:16:38,0,64,17
44,44,10.0.0.8,10.0.0.9,39095,9564,2023-06-15 13:16:38,0,64,17
44,44,10.0.0.2,10.0.0.9,54990,9564,2023-06-15 13:16:39,1,64,17
44,44,10.0.0.4,10.0.0.9,52955,9564,2023-06-15 13:16:39,0,64,17
43,43,10.0.0.21,10.0.0.9,39238,9564,2023-06-15 13:16:41,2,64,17
44,44,10.0.0.6,10.0.0.9,52629,9564,2023-06-15 13:16:41,0,64,17
46,46,88.135.10.0,0.6.10.0,,,2023-06-15 13:16:41,9,64,0
44,44,10.0.0.7,10.0.0.9,38413,9564,2023-06-15 13:16:41,0,64,17
44,44,10.0.0.9,10.0.0.1,54436,9564,2023-06-15 13:16:41,0,64,17
44,44,10.0.0.9,10.0.0.2,54436,9564,2023-06-15 13:16:41,0,64,17
44,44,10.0.0.9,10.0.0.3,54436,9564,2023-06-15 13:16:41,0,64,17
44,44,10.0.0.9,10.0.0.4,54436,9564,2023-06-15 13:16:41,0,64,17
44,44,10.0.0.9,10.0.0.5,54436,9564,2023-06-15 13:16:41,0,64,17
44,44,10.0.0.9,10.0.0.6,54436,9564,2023-06-15 13:16:41,0,64,17
44,44,10.0.0.9,10.0.0.7,54436,9564,2023-06-15 13:16:41,0,64,17
44,44,10.0.0.9,10.0.0.8,54436,9564,2023-06-15 13:16:41,0,64,17
44,44,10.0.0.9,10.0.0.10,54436,9564,2023-06-15 13:16:41,0,64,17
44,44,10.0.0.9,10.0.0.9,54436,9564,2023-06-15 13:16:41,5,64,17
44,44,255.31.31.156,10.0.0.9,,,2023-06-15 13:16:42,1,0,1
44,44,10.0.0.10,10.0.0.9,54888,9564,2023-06-15 13:16:42,1,64,17
44,44,10.0.0.1,10.0.0.9,45714,9564,2023-06-15 13:16:42,0,64,17
44,44,10.0.0.5,10.0.0.9,55881,9564,2023-06-15 13:16:43,1,64,17
44,44,10.0.0.3,10.0.0.9,47177,9564,2023-06-15 13:16:43,0,64,17
44,44,10.0.0.8,10.0.0.9,39095,9564,2023-06-15 13:16:43,0,64,17
44,44,10.0.0.2,10.0.0.9,54990,9564,2023-06-15 13:16:44,1,64,17
44,44,10.0.0.4,10.0.0.9,52955,9564,2023-06-15 13:16:44,0,64,17
44,44,10.0.0.9,10.0.0.9,54436,9564,2023-06-15 13:16:46,5,64,17
44,44,208.21.135.167,10.0.0.7,,,2023-06-15 13:16:46,4,0,1
44,44,10.0.0.21,10.0.0.9,39238,9564,2023-06-15 13:16:46,2,64,17
44,44,10.0.0.6,10.0.0.9,52629,9564,2023-06-15 13:16:46,0,64,17
44,44,10.0.0.9,10.0.0.1,54436,9564,2023-06-15 13:16:46,0,64,17
44,44,10.0.0.9,10.0.0.2,54436,9564,2023-06-15 13:16:46,0,64,17
44,44,10.0.0.9,10.0.0.3,54436,9564,2023-06-15 13:16:46,0,64,17
44,44,10.0.0.9,10.0.0.4,54436,9564,2023-06-15 13:16:46,0,64,17
44,44,10.0.0.9,10.0.0.5,54436,9564,2023-06-15 13:16:46,0,64,17
44,44,10.0.0.9,10.0.0.6,54436,9564,2023-06-15 13:16:46,0,64,17
44,44,10.0.0.9,10.0.0.7,54436,9564,2023-06-15 13:16:46,0,64,17
44,44,10.0.0.9,10.0.0.8,54436,9564,2023-06-15 13:16:46,0,64,17
44,44,10.0.0.9,10.0.0.10,54436,9564,2023-06-15 13:16:46,0,64,17
170,170,10.0.0.9,10.0.0.3,,,2023-06-15 13:16:46,0,64,1
170,170,10.0.0.3,10.0.0.9,,,2023-06-15 13:16:46,0,64,1
44,44,10.0.0.7,10.0.0.9,38413,9564,2023-06-15 13:16:47,1,64,17
44,44,10.0.0.10,10.0.0.9,54888,9564,2023-06-15 13:16:47,0,64,17
44,44,10.0.0.1,10.0.0.9,45714,9564,2023-06-15 13:16:47,0,64,17
44,44,10.0.0.5,10.0.0.9,55881,9564,2023-06-15 13:16:48,1,64,17
44,44,10.0.0.3,10.0.0.9,47177,9564,2023-06-15 13:16:48,0,64,17
44,44,10.0.0.8,10.0.0.9,39095,9564,2023-06-15 13:16:48,0,64,17
44,44,10.0.0.2,10.0.0.9,54990,9564,2023-06-15 13:16:49,1,64,17
44,44,10.0.0.4,10.0.0.9,52955,9564,2023-06-15 13:16:49,0,64,17
170,170,10.0.0.9,10.0.0.10,,,2023-06-15 13:16:49,0,64,1
170,170,10.0.0.10,10.0.0.9,,,2023-06-15 13:16:49,0,64,1
43,43,10.0.0.21,10.0.0.9,39238,9564,2023-06-15 13:16:51,2,64,17
44,44,10.0.0.9,10.0.0.9,54436,9564,2023-06-15 13:16:51,5,64,17
44,44,10.0.0.9,10.0.0.1,54436,9564,2023-06-15 13:16:51,0,64,17
44,44,10.0.0.9,10.0.0.2,54436,9564,2023-06-15 13:16:51,0,64,17
44,44,10.0.0.9,10.0.0.3,54436,9564,2023-06-15 13:16:51,0,64,17
44,44,10.0.0.9,10.0.0.4,54436,9564,2023-06-15 13:16:51,0,64,17
44,44,10.0.0.9,10.0.0.5,54436,9564,2023-06-15 13:16:51,0,64,17
44,44,10.0.0.9,10.0.0.6,54436,9564,2023-06-15 13:16:51,0,64,17
44,44,10.0.0.9,10.0.0.7,54436,9564,2023-06-15 13:16:51,0,64,17
44,44,10.0.0.9,10.0.0.8,54436,9564,2023-06-15 13:16:51,0,64,17
44,44,10.0.0.9,10.0.0.10,54436,9564,2023-06-15 13:16:51,0,64,17
44,44,10.0.0.6,10.0.0.9,52629,9564,2023-06-15 13:16:52,1,64,17
44,44,10.0.0.7,10.0.0.9,38413,9564,2023-06-15 13:16:52,0,64,17
44,44,10.0.0.10,10.0.0.9,54888,9564,2023-06-15 13:16:52,0,64,17
44,44,10.0.0.1,10.0.0.9,45714,9564,2023-06-15 13:16:52,0,64,17
44,44,10.0.0.5,10.0.0.9,55881,9564,2023-06-15 13:16:53,1,64,17
44,44,10.0.0.3,10.0.0.9,47177,9564,2023-06-15 13:16:53,0,64,17
44,44,10.0.0.8,10.0.0.9,39095,9564,2023-06-15 13:16:53,0,64,17
44,44,10.0.0.2,10.0.0.9,54990,9564,2023-06-15 13:16:54,1,64,17
44,44,10.0.0.4,10.0.0.9,52955,9564,2023-06-15 13:16:54,0,64,17
43,43,10.0.0.21,10.0.0.9,39238,9564,2023-06-15 13:16:56,2,64,17
44,44,10.0.0.9,10.0.0.9,54436,9564,2023-06-15 13:16:56,5,64,17
44,44,10.0.0.9,10.0.0.1,54436,9564,2023-06-15 13:16:56,0,64,17
44,44,10.0.0.9,10.0.0.2,54436,9564,2023-06-15 13:16:56,0,64,17
44,44,10.0.0.9,10.0.0.3,54436,9564,2023-06-15 13:16:56,0,64,17
44,44,10.0.0.9,10.0.0.4,54436,9564,2023-06-15 13:16:56,0,64,17
44,44,10.0.0.9,10.0.0.5,54436,9564,2023-06-15 13:16:56,0,64,17
44,44,10.0.0.9,10.0.0.6,54436,9564,2023-06-15 13:16:56,0,64,17
44,44,10.0.0.9,10.0.0.7,54436,9564,2023-06-15 13:16:56,0,64,17
44,44,10.0.0.9,10.0.0.8,54436,9564,2023-06-15 13:16:56,0,64,17
44,44,10.0.0.9,10.0.0.10,54436,9564,2023-06-15 13:16:56,0,64,17
44,44,10.0.0.6,10.0.0.9,52629,9564,2023-06-15 13:16:57,1,64,17
44,44,10.0.0.7,10.0.0.9,38413,9564,2023-06-15 13:16:57,0,64,17
44,44,10.0.0.10,10.0.0.9,54888,9564,2023-06-15 13:16:57,0,64,17
44,44,10.0.0.1,10.0.0.9,45714,9564,2023-06-15 13:16:57,0,64,17
44,44,10.0.0.5,10.0.0.9,55881,9564,2023-06-15 13:16:58,1,64,17
44,44,10.0.0.3,10.0.0.9,47177,9564,2023-06-15 13:16:58,0,64,17
44,44,10.0.0.8,10.0.0.9,39095,9564,2023-06-15 13:16:58,0,64,17
44,44,10.0.0.2,10.0.0.9,54990,9564,2023-06-15 13:16:59,1,64,17
44,44,10.0.0.4,10.0.0.9,52955,9564,2023-06-15 13:16:59,0,64,17
43,43,10.0.0.21,10.0.0.9,39238,9564,2023-06-15 13:17:01,2,64,17
44,44,10.0.0.9,10.0.0.9,54436,9564,2023-06-15 13:17:02,6,64,17
44,44,10.0.0.9,10.0.0.1,54436,9564,2023-06-15 13:17:02,1,64,17
44,44,10.0.0.9,10.0.0.2,54436,9564,2023-06-15 13:17:02,0,64,17
44,44,10.0.0.9,10.0.0.3,54436,9564,2023-06-15 13:17:02,0,64,17
44,44,10.0.0.9,10.0.0.4,54436,9564,2023-06-15 13:17:02,0,64,17
44,44,10.0.0.9,10.0.0.5,54436,9564,2023-06-15 13:17:02,0,64,17
44,44,10.0.0.9,10.0.0.6,54436,9564,2023-06-15 13:17:02,0,64,17
44,44,10.0.0.9,10.0.0.7,54436,9564,2023-06-15 13:17:02,0,64,17
44,44,10.0.0.9,10.0.0.8,54436,9564,2023-06-15 13:17:02,0,64,17
44,44,10.0.0.9,10.0.0.10,54436,9564,2023-06-15 13:17:02,0,64,17
172,172,142.229.10.0,0.6.10.0,,,2023-06-15 13:17:02,16,0,0
170,170,10.0.0.9,10.0.0.6,,,2023-06-15 13:17:02,0,64,1
170,170,10.0.0.6,10.0.0.9,,,2023-06-15 13:17:02,0,64,1
44,44,10.0.0.6,10.0.0.9,52629,9564,2023-06-15 13:17:02,0,64,17
44,44,10.0.0.7,10.0.0.9,38413,9564,2023-06-15 13:17:02,0,64,17
44,44,10.0.0.10,10.0.0.9,54888,9564,2023-06-15 13:17:02,0,64,17
44,44,10.0.0.1,10.0.0.9,45714,9564,2023-06-15 13:17:03,1,64,17
44,44,10.0.0.3,10.0.0.9,47177,9564,2023-06-15 13:17:03,0,64,17
46,46,186.118.10.0,0.5.10.0,,,2023-06-15 13:17:03,1,64,0
44,44,10.0.0.5,10.0.0.9,55881,9564,2023-06-15 13:17:03,0,64,17
44,44,10.0.0.8,10.0.0.9,39095,9564,2023-06-15 13:17:03,0,64,17
44,44,10.0.0.2,10.0.0.9,54990,9564,2023-06-15 13:17:04,1,64,17
44,44,10.0.0.4,10.0.0.9,52955,9564,2023-06-15 13:17:04,0,64,17
170,170,10.0.0.9,10.0.0.5,,,2023-06-15 13:17:05,1,64,1
170,170,10.0.0.5,10.0.0.9,,,2023-06-15 13:17:05,0,64,1
43,43,10.0.0.21,10.0.0.9,39238,9564,2023-06-15 13:17:06,1,64,17
44,44,10.0.0.9,10.0.0.9,54436,9564,2023-06-15 13:17:07,5,64,17
44,44,10.0.0.9,10.0.0.1,54436,9564,2023-06-15 13:17:07,1,64,17
44,44,10.0.0.9,10.0.0.2,54436,9564,2023-06-15 13:17:07,0,64,17
44,44,10.0.0.9,10.0.0.3,54436,9564,2023-06-15 13:17:07,0,64,17
44,44,10.0.0.9,10.0.0.4,54436,9564,2023-06-15 13:17:07,0,64,17
44,44,10.0.0.9,10.0.0.5,54436,9564,2023-06-15 13:17:07,0,64,17
44,44,10.0.0.9,10.0.0.6,54436,9564,2023-06-15 13:17:07,0,64,17
44,44,10.0.0.9,10.0.0.7,54436,9564,2023-06-15 13:17:07,0,64,17
44,44,10.0.0.9,10.0.0.8,54436,9564,2023-06-15 13:17:07,0,64,17
44,44,10.0.0.9,10.0.0.10,54436,9564,2023-06-15 13:17:07,0,64,17
44,44,10.0.0.7,10.0.0.9,38413,9564,2023-06-15 13:17:07,0,64,17
44,44,10.0.0.6,10.0.0.9,52629,9564,2023-06-15 13:17:07,0,64,17
44,44,10.0.0.9,10.0.0.9,54436,9564,2023-06-15 13:17:12,5,64,17
44,44,10.0.0.10,10.0.0.9,54888,9564,2023-06-15 13:17:07,0,64,17
44,44,10.0.0.1,10.0.0.9,45714,9564,2023-06-15 13:17:08,1,64,17
44,44,10.0.0.3,10.0.0.9,47177,9564,2023-06-15 13:17:08,0,64,17
44,44,10.0.0.9,10.0.0.1,54436,9564,2023-06-15 13:17:12,4,64,17
44,44,10.0.0.9,10.0.0.2,54436,9564,2023-06-15 13:17:12,0,64,17
44,44,10.0.0.9,10.0.0.3,54436,9564,2023-06-15 13:17:12,0,64,17
44,44,10.0.0.9,10.0.0.4,54436,9564,2023-06-15 13:17:12,0,64,17
44,44,10.0.0.9,10.0.0.5,54436,9564,2023-06-15 13:17:12,0,64,17
44,44,10.0.0.9,10.0.0.6,54436,9564,2023-06-15 13:17:12,0,64,17
44,44,10.0.0.9,10.0.0.7,54436,9564,2023-06-15 13:17:12,0,64,17
44,44,10.0.0.9,10.0.0.8,54436,9564,2023-06-15 13:17:12,0,64,17
46,46,52.211.10.0,0.1.10.0,,,2023-06-15 13:17:13,10,64,0
44,44,10.0.0.9,10.0.0.10,54436,9564,2023-06-15 13:17:12,0,64,17
44,44,10.0.0.6,10.0.0.9,52629,9564,2023-06-15 13:17:12,0,64,17
44,44,10.0.0.1,10.0.0.9,45714,9564,2023-06-15 13:17:13,1,64,17
44,44,10.0.0.3,10.0.0.9,47177,9564,2023-06-15 13:17:13,0,64,17
44,44,10.0.0.8,10.0.0.9,39095,9564,2023-06-15 13:17:14,1,64,17
44,44,10.0.0.5,10.0.0.9,55881,9564,2023-06-15 13:17:14,0,64,17
44,44,10.0.0.2,10.0.0.9,54990,9564,2023-06-15 13:17:14,0,64,17
44,44,10.0.0.4,10.0.0.9,52955,9564,2023-06-15 13:17:15,1,64,17
43,43,10.0.0.21,10.0.0.9,39238,9564,2023-06-15 13:17:16,1,64,17
170,170,10.0.0.7,10.0.0.9,,,2023-06-15 13:17:16,0,64,1
170,170,10.0.0.9,10.0.0.7,,,2023-06-15 13:17:16,0,64,1
172,172,50.146.10.0,0.9.10.0,,,2023-06-15 13:17:16,3,0,0
172,172,148.187.10.0,0.9.10.0,,,2023-06-15 13:17:17,1,0,0
170,170,10.0.0.3,10.0.0.9,,,2023-06-15 13:17:17,1,64,1
170,170,10.0.0.9,10.0.0.3,,,2023-06-15 13:17:17,0,64,1
44,44,10.0.0.9,10.0.0.9,54436,9564,2023-06-15 13:17:17,5,64,17
44,44,10.0.0.9,10.0.0.1,54436,9564,2023-06-15 13:17:17,0,64,17
44,44,10.0.0.9,10.0.0.2,54436,9564,2023-06-15 13:17:17,0,64,17
44,44,10.0.0.9,10.0.0.3,54436,9564,2023-06-15 13:17:17,0,64,17
44,44,10.0.0.9,10.0.0.4,54436,9564,2023-06-15 13:17:17,0,64,17
44,44,10.0.0.9,10.0.0.5,54436,9564,2023-06-15 13:17:17,0,64,17
44,44,10.0.0.9,10.0.0.6,54436,9564,2023-06-15 13:17:17,0,64,17
44,44,10.0.0.9,10.0.0.7,54436,9564,2023-06-15 13:17:17,0,64,17
44,44,10.0.0.9,10.0.0.8,54436,9564,2023-06-15 13:17:17,0,64,17
44,44,10.0.0.9,10.0.0.10,54436,9564,2023-06-15 13:17:17,0,64,17
44,44,10.0.0.10,10.0.0.9,54888,9564,2023-06-15 13:17:17,0,64,17
44,44,10.0.0.7,10.0.0.9,38413,9564,2023-06-15 13:17:17,0,64,17
44,44,10.0.0.6,10.0.0.9,52629,9564,2023-06-15 13:17:17,0,64,17
44,44,10.0.0.1,10.0.0.9,45714,9564,2023-06-15 13:17:18,1,64,17
44,44,10.0.0.4,10.0.0.9,52955,9564,2023-06-15 13:17:20,2,64,17
43,43,10.0.0.21,10.0.0.9,39238,9564,2023-06-15 13:17:21,1,64,17
44,44,10.0.0.9,10.0.0.1,54436,9564,2023-06-15 13:17:22,1,64,17
44,44,10.0.0.9,10.0.0.2,54436,9564,2023-06-15 13:17:22,0,64,17
44,44,10.0.0.9,10.0.0.3,54436,9564,2023-06-15 13:17:22,0,64,17
44,44,10.0.0.9,10.0.0.4,54436,9564,2023-06-15 13:17:22,0,64,17
44,44,10.0.0.9,10.0.0.5,54436,9564,2023-06-15 13:17:22,0,64,17
44,44,10.0.0.9,10.0.0.6,54436,9564,2023-06-15 13:17:22,0,64,17
44,44,10.0.0.9,10.0.0.9,54436,9564,2023-06-15 13:17:22,5,64,17
44,44,10.0.0.9,10.0.0.7,54436,9564,2023-06-15 13:17:22,0,64,17
44,44,10.0.0.9,10.0.0.8,54436,9564,2023-06-15 13:17:22,0,64,17
44,44,10.0.0.9,10.0.0.10,54436,9564,2023-06-15 13:17:22,0,64,17
44,44,10.0.0.10,10.0.0.9,54888,9564,2023-06-15 13:17:22,0,64,17
44,44,10.0.0.7,10.0.0.9,38413,9564,2023-06-15 13:17:22,0,64,17
44,44,10.0.0.6,10.0.0.9,52629,9564,2023-06-15 13:17:22,0,64,17
44,44,10.0.0.1,10.0.0.9,45714,9564,2023-06-15 13:17:23,1,64,17
44,44,10.0.0.3,10.0.0.9,47177,9564,2023-06-15 13:17:23,0,64,17
44,44,10.0.0.8,10.0.0.9,39095,9564,2023-06-15 13:17:24,1,64,17
44,44,10.0.0.2,10.0.0.9,54990,9564,2023-06-15 13:17:24,0,64,17
44,44,10.0.0.5,10.0.0.9,55881,9564,2023-06-15 13:17:24,0,64,17
44,44,10.0.0.4,10.0.0.9,52955,9564,2023-06-15 13:17:25,1,64,17
43,43,10.0.0.21,10.0.0.9,39238,9564,2023-06-15 13:17:26,1,64,17
44,44,10.0.0.9,10.0.0.9,54436,9564,2023-06-15 13:17:27,5,64,17
44,44,10.0.0.9,10.0.0.1,54436,9564,2023-06-15 13:17:27,1,64,17
44,44,10.0.0.9,10.0.0.2,54436,9564,2023-06-15 13:17:27,0,64,17
44,44,10.0.0.9,10.0.0.3,54436,9564,2023-06-15 13:17:27,0,64,17
44,44,10.0.0.9,10.0.0.4,54436,9564,2023-06-15 13:17:27,0,64,17
44,44,10.0.0.9,10.0.0.5,54436,9564,2023-06-15 13:17:27,0,64,17
44,44,10.0.0.9,10.0.0.6,54436,9564,2023-06-15 13:17:27,0,64,17
44,44,10.0.0.9,10.0.0.7,54436,9564,2023-06-15 13:17:27,0,64,17
44,44,10.0.0.9,10.0.0.8,54436,9564,2023-06-15 13:17:27,0,64,17
44,44,10.0.0.9,10.0.0.10,54436,9564,2023-06-15 13:17:27,0,64,17
44,44,10.0.0.10,10.0.0.9,54888,9564,2023-06-15 13:17:27,0,64,17
44,44,10.0.0.6,10.0.0.9,52629,9564,2023-06-15 13:17:27,0,64,17
44,44,10.0.0.7,10.0.0.9,38413,9564,2023-06-15 13:17:27,0,64,17
44,44,10.0.0.1,10.0.0.9,45714,9564,2023-06-15 13:17:28,1,64,17
44,44,10.0.0.3,10.0.0.9,47177,9564,2023-06-15 13:17:28,0,64,17
44,44,10.0.0.8,10.0.0.9,39095,9564,2023-06-15 13:17:29,1,64,17
44,44,10.0.0.2,10.0.0.9,54990,9564,2023-06-15 13:17:29,0,64,17
44,44,10.0.0.5,10.0.0.9,55881,9564,2023-06-15 13:17:29,0,64,17
44,44,10.0.0.4,10.0.0.9,52955,9564,2023-06-15 13:17:30,1,64,17
43,43,10.0.0.21,10.0.0.9,39238,9564,2023-06-15 13:17:31,1,64,17
46,46,123.133.10.0,0.9.10.0,,,2023-06-15 13:17:32,15,64,0
44,44,10.0.0.9,10.0.0.9,54436,9564,2023-06-15 13:17:32,5,64,17
44,44,10.0.0.9,10.0.0.1,54436,9564,2023-06-15 13:17:32,1,64,17
44,44,10.0.0.9,10.0.0.2,54436,9564,2023-06-15 13:17:32,0,64,17
44,44,10.0.0.9,10.0.0.3,54436,9564,2023-06-15 13:17:32,0,64,17
44,44,10.0.0.9,10.0.0.4,54436,9564,2023-06-15 13:17:32,0,64,17
44,44,10.0.0.9,10.0.0.5,54436,9564,2023-06-15 13:17:32,0,64,17
44,44,10.0.0.9,10.0.0.6,54436,9564,2023-06-15 13:17:32,0,64,17
44,44,10.0.0.9,10.0.0.7,54436,9564,2023-06-15 13:17:32,0,64,17
44,44,10.0.0.9,10.0.0.8,54436,9564,2023-06-15 13:17:32,0,64,17
44,44,10.0.0.9,10.0.0.10,54436,9564,2023-06-15 13:17:32,0,64,17
44,44,10.0.0.10,10.0.0.9,54888,9564,2023-06-15 13:17:32,0,64,17
44,44,10.0.0.6,10.0.0.9,52629,9564,2023-06-15 13:17:32,0,64,17
44,44,10.0.0.7,10.0.0.9,38413,9564,2023-06-15 13:17:32,0,64,17
44,44,10.0.0.1,10.0.0.9,45714,9564,2023-06-15 13:17:33,1,64,17
44,44,10.0.0.3,10.0.0.9,47177,9564,2023-06-15 13:17:33,0,64,17
44,44,10.0.0.8,10.0.0.9,39095,9564,2023-06-15 13:17:34,1,64,17
44,44,10.0.0.2,10.0.0.9,54990,9564,2023-06-15 13:17:34,0,64,17
44,44,10.0.0.5,10.0.0.9,55881,9564,2023-06-15 13:17:34,0,64,17
44,44,10.0.0.4,10.0.0.9,52955,9564,2023-06-15 13:17:35,1,64,17
44,44,10.0.0.21,10.0.0.9,39238,9564,2023-06-15 13:17:36,1,64,17
44,44,10.0.0.9,10.0.0.9,54436,9564,2023-06-15 13:17:37,5,64,17
44,44,10.0.0.9,10.0.0.1,54436,9564,2023-06-15 13:17:37,1,64,17
44,44,10.0.0.9,10.0.0.2,54436,9564,2023-06-15 13:17:37,0,64,17
44,44,10.0.0.9,10.0.0.3,54436,9564,2023-06-15 13:17:37,0,64,17
44,44,10.0.0.9,10.0.0.4,54436,9564,2023-06-15 13:17:37,0,64,17
44,44,10.0.0.9,10.0.0.5,54436,9564,2023-06-15 13:17:37,0,64,17
44,44,10.0.0.9,10.0.0.6,54436,9564,2023-06-15 13:17:37,0,64,17
44,44,10.0.0.9,10.0.0.7,54436,9564,2023-06-15 13:17:37,0,64,17
44,44,10.0.0.9,10.0.0.8,54436,9564,2023-06-15 13:17:37,0,64,17
44,44,10.0.0.9,10.0.0.10,54436,9564,2023-06-15 13:17:37,0,64,17
44,44,255.31.31.156,10.0.0.9,,,2023-06-15 13:17:37,5,0,1
44,44,10.0.0.10,10.0.0.9,54888,9564,2023-06-15 13:17:37,0,64,17
44,44,10.0.0.7,10.0.0.9,38413,9564,2023-06-15 13:17:37,0,64,17
44,44,10.0.0.6,10.0.0.9,52629,9564,2023-06-15 13:17:38,1,64,17
44,44,10.0.0.1,10.0.0.9,45714,9564,2023-06-15 13:17:38,0,64,17
44,44,10.0.0.3,10.0.0.9,47177,9564,2023-06-15 13:17:38,0,64,17
44,44,10.0.0.8,10.0.0.9,39095,9564,2023-06-15 13:17:39,1,64,17
44,44,10.0.0.2,10.0.0.9,54990,9564,2023-06-15 13:17:39,0,64,17
