BEGIN_DATE,END_DATE,NUM_NODES,ATTACK_RATIO,ATTACK_START_TIME,ATTACK_DURATION,ATTACK_PARAMETER,NODE,LAT,LNG,TIME,TIME_FEATURE,ACTIVE,PACKET,ATTACKED,PACKET_1,NODE_1,PACKET_2,NODE_2,PACKET_3,NODE_3,PACKET_4,NODE_4,PACKET_5,NODE_5,PACKET_6,NODE_6,PACKET_7,NODE_7,PACKET_8,NODE_8,PACKET_9,NODE_9,PACKET_10,NODE_10,PACKET_11,NODE_11,PACKET_12,NODE_12,PACKET_13,NODE_13,PACKET_14,NODE_14,PACKET_15,NODE_15,PACKET_16,NODE_16,PACKET_17,NODE_17,PACKET_18,NODE_18,PACKET_19,NODE_19,PACKET_20,NODE_20,PACKET_21,NODE_21,PACKET_22,NODE_22,PACKET_23,NODE_23,PACKET_24,NODE_24,PACKET_25,NODE_25,PACKET_26,NODE_26,PACKET_27,NODE_27,PACKET_28,NODE_28,PACKET_29,NODE_29,PACKET_30,NODE_30,PACKET_31,NODE_31,PACKET_32,NODE_32,PACKET_33,NODE_33,PACKET_34,NODE_34,PACKET_35,NODE_35,PACKET_36,NODE_36,PACKET_37,NODE_37,PACKET_38,NODE_38,PACKET_39,NODE_39,PACKET_40,NODE_40,PACKET_41,NODE_41,PACKET_42,NODE_42,PACKET_43,NODE_43,PACKET_44,NODE_44,PACKET_45,NODE_45,PACKET_46,NODE_46,PACKET_47,NODE_47,PACKET_48,NODE_48,PACKET_49,NODE_49,PACKET_50,NODE_50
2023-07-30,2023-07-30,50,1.0,2023-07-30 07:34:40.417619,0:20:00,10,10,50.46388319,35.37576942,2023-07-30 07:24:44.210680,0,1,41,0,123,0,61,0,1,0,0,0,1,0,132,0,16,0,9,0,39,0,41,1,35,0,0,0,61,0,73,0,0,0,0,0,0,0,16,0,0,0,0,0,0,0,105,0,67,0,48,0,0,0,0,0,0,0,0,0,74,0,1,0,0,0,0,0,93,0,0,0,1,0,0,0,122,0,0,0,0,0,114,0,76,0,0,0,0,0,0,0,76,0,0,0,28,0,0,0,0,0,28,0
2023-07-30,2023-07-30,50,1.0,2023-07-30 07:34:40.417619,0:20:00,10,10,50.46388319,35.37576942,2023-07-30 07:24:49.210680,0,1,330,0,249,0,196,0,202,0,357,0,212,0,157,0,280,0,311,0,351,0,330,1,261,0,294,0,237,0,229,0,253,0,226,0,300,0,272,0,325,0,416,0,373,0,228,0,228,0,328,0,155,0,374,0,355,0,293,0,166,0,287,0,353,0,338,0,230,0,339,0,300,0,438,0,163,0,162,0,382,0,99,0,163,0,450,0,255,0,384,0,163,0,252,0,273,0,286,0,264,0,233,0
2023-07-30,2023-07-30,50,1.0,2023-07-30 07:34:40.417619,0:20:00,10,10,50.46388319,35.37576942,2023-07-30 07:24:54.210680,0,1,352,0,232,0,248,0,261,0,350,0,248,0,278,0,258,0,228,0,318,0,352,1,259,0,248,0,353,0,249,0,261,0,280,0,273,0,255,0,266,0,297,0,177,0,267,0,260,0,353,0,288,0,177,0,207,0,284,0,286,0,276,0,207,0,259,0,242,0,237,0,247,0,306,0,287,0,288,0,350,0,308,0,289,0,284,0,283,0,217,0,293,0,264,0,276,0,278,0,279,0,296,0
2023-07-30,2023-07-30,50,1.0,2023-07-30 07:34:40.417619,0:20:00,10,10,50.46388319,35.37576942,2023-07-30 07:24:59.210680,0,1,177,0,98,0,102,0,100,0,177,0,97,0,98,0,96,0,99,0,178,0,177,1,102,0,100,0,175,0,102,0,98,0,105,0,103,0,100,0,98,0,177,0,177,0,100,0,98,0,176,0,100,0,177,0,100,0,100,0,99,0,98,0,100,0,101,0,102,0,100,0,98,0,175,0,99,0,98,0,177,0,99,0,99,0,177,0,99,0,101,0,99,0,100,0,100,0,99,0,102,0,100,0
2023-07-30,2023-07-30,50,1.0,2023-07-30 07:34:40.417619,0:20:00,10,10,50.46388319,35.37576942,2023-07-30 07:25:04.210680,0,1,177,0,98,0,107,0,100,0,177,0,101,0,102,0,98,0,100,0,181,0,177,1,96,0,100,0,177,0,103,0,99,0,103,0,101,0,99,0,104,0,177,0,177,0,99,0,100,0,175,0,100,0,177,0,104,0,99,0,102,0,100,0,100,0,105,0,99,0,100,0,99,0,177,0,100,0,100,0,178,0,102,0,100,0,176,0,100,0,102,0,100,0,100,0,100,0,99,0,99,0,99,0
2023-07-30,2023-07-30,50,1.0,2023-07-30 07:34:40.417619,0:20:00,10,10,50.46388319,35.37576942,2023-07-30 07:25:09.210680,0,1,180,0,99,0,178,0,101,0,177,0,100,0,101,0,101,0,101,0,177,0,180,1,101,0,100,0,176,0,99,0,106,0,97,0,101,0,100,0,99,0,177,0,178,0,100,0,100,0,176,0,101,0,178,0,100,0,100,0,101,0,100,0,100,0,99,0,100,0,99,0,101,0,178,0,99,0,102,0,175,0,100,0,101,0,177,0,100,0,99,0,100,0,100,0,100,0,100,0,99,0,100,0
2023-07-30,2023-07-30,50,1.0,2023-07-30 07:34:40.417619,0:20:00,10,10,50.46388319,35.37576942,2023-07-30 07:25:14.210680,1,1,181,0,107,0,113,0,107,0,177,0,107,0,101,0,105,0,104,0,187,0,181,1,105,0,107,0,181,0,108,0,105,0,101,0,99,0,101,0,105,0,178,0,183,0,105,0,107,0,181,0,101,0,183,0,100,0,100,0,100,0,101,0,101,0,107,0,105,0,99,0,107,0,182,0,101,0,100,0,182,0,107,0,101,0,179,0,107,0,108,0,100,0,106,0,107,0,107,0,107,0,100,0
2023-07-30,2023-07-30,50,1.0,2023-07-30 07:34:40.417619,0:20:00,10,10,50.46388319,35.37576942,2023-07-30 07:25:19.210680,1,1,185,0,107,0,103,0,106,0,189,0,106,0,107,0,106,0,104,0,277,0,185,1,104,0,105,0,283,0,116,0,116,0,107,0,110,0,108,0,103,0,185,0,197,0,105,0,104,0,280,0,108,0,292,0,112,0,162,0,107,0,108,0,110,0,103,0,104,0,110,0,105,0,182,0,111,0,110,0,180,0,113,0,109,0,186,0,104,0,106,0,114,0,104,0,104,0,113,0,104,0,110,0
2023-07-30,2023-07-30,50,1.0,2023-07-30 07:34:40.417619,0:20:00,10,10,50.46388319,35.37576942,2023-07-30 07:25:24.210680,1,1,197,0,122,0,124,0,120,0,191,0,120,0,115,0,122,0,123,0,201,0,197,1,123,0,123,0,195,0,109,0,208,0,214,0,116,0,124,0,124,0,195,0,298,0,124,0,218,0,194,0,124,0,203,0,189,0,159,0,115,0,116,0,114,0,122,0,124,0,210,0,125,0,203,0,113,0,114,0,209,0,111,0,113,0,201,0,122,0,119,0,208,0,122,0,121,0,116,0,121,0,112,0
2023-07-30,2023-07-30,50,1.0,2023-07-30 07:34:40.417619,0:20:00,10,10,50.46388319,35.37576942,2023-07-30 07:25:29.210680,1,1,295,0,207,0,120,0,115,0,202,0,133,0,125,0,219,0,114,0,213,0,295,1,211,0,116,0,201,0,227,0,116,0,123,0,123,0,117,0,115,0,201,0,193,0,112,0,132,0,206,0,116,0,193,0,147,0,123,0,124,0,220,0,220,0,229,0,114,0,123,0,114,0,288,0,123,0,220,0,285,0,131,0,125,0,193,0,227,0,129,0,126,0,116,0,118,0,131,0,116,0,126,0
2023-07-30,2023-07-30,50,1.0,2023-07-30 07:34:40.417619,0:20:00,10,10,50.46388319,35.37576942,2023-07-30 07:25:34.210680,1,1,199,0,122,0,216,0,218,0,199,0,105,0,207,0,123,0,218,0,185,0,199,1,123,0,122,0,193,0,104,0,127,0,116,0,170,0,122,0,217,0,192,0,189,0,218,0,105,0,201,0,122,0,189,0,114,0,116,0,212,0,115,0,116,0,103,0,120,0,115,0,216,0,197,0,117,0,116,0,198,0,105,0,114,0,199,0,104,0,104,0,115,0,120,0,122,0,105,0,120,0,116,0
2023-07-30,2023-07-30,50,1.0,2023-07-30 07:34:40.417619,0:20:00,10,10,50.46388319,35.37576942,2023-07-30 07:25:39.210680,1,1,182,0,120,0,119,0,104,0,185,0,122,0,115,0,118,0,120,0,201,0,182,1,118,0,104,0,191,0,122,0,121,0,112,0,151,0,104,0,103,0,189,0,203,0,121,0,122,0,182,0,104,0,201,0,111,0,110,0,110,0,110,0,110,0,120,0,116,0,110,0,116,0,185,0,110,0,110,0,183,0,120,0,208,0,280,0,120,0,119,0,109,0,202,0,105,0,120,0,107,0,204,0
2023-07-30,2023-07-30,50,1.0,2023-07-30 07:34:40.417619,0:20:00,10,10,50.46388319,35.37576942,2023-07-30 07:25:44.210680,2,1,203,0,111,0,111,0,127,0,299,0,207,0,124,0,112,0,111,0,283,0,203,1,110,0,224,0,296,0,110,0,121,0,123,0,127,0,142,0,126,0,261,0,186,0,110,0,109,0,297,0,221,0,189,0,125,0,181,0,124,0,125,0,124,0,110,0,209,0,123,0,114,0,198,0,220,0,122,0,199,0,110,0,125,0,201,0,111,0,174,0,124,0,124,0,124,0,204,0,123,0,123,0
2023-07-30,2023-07-30,50,1.0,2023-07-30 07:34:40.417619,0:20:00,10,10,50.46388319,35.37576942,2023-07-30 07:25:49.210680,2,1,188,0,116,0,117,0,108,0,185,0,114,0,112,0,119,0,117,0,194,0,188,1,120,0,119,0,188,0,117,0,201,0,112,0,108,0,190,0,116,0,227,0,189,0,118,0,116,0,188,0,112,0,189,0,113,0,154,0,112,0,112,0,112,0,119,0,121,0,112,0,116,0,131,0,113,0,113,0,199,0,216,0,112,0,189,0,120,0,150,0,112,0,118,0,216,0,119,0,213,0,113,0
2023-07-30,2023-07-30,50,1.0,2023-07-30 07:34:40.417619,0:20:00,10,10,50.46388319,35.37576942,2023-07-30 07:25:54.210680,2,1,188,0,107,0,106,0,112,0,190,0,104,0,113,0,103,0,104,0,181,0,188,1,104,0,104,0,191,0,104,0,104,0,208,0,114,0,112,0,105,0,189,0,179,0,104,0,201,0,191,0,112,0,275,0,185,0,112,0,112,0,112,0,112,0,103,0,104,0,208,0,104,0,104,0,111,0,112,0,187,0,104,0,111,0,187,0,104,0,104,0,207,0,111,0,102,0,104,0,104,0,110,0
2023-07-30,2023-07-30,50,1.0,2023-07-30 07:34:40.417619,0:20:00,10,10,50.46388319,35.37576942,2023-07-30 07:25:59.210680,2,1,178,0,106,0,106,0,106,0,177,0,105,0,99,0,108,0,106,0,184,0,178,1,106,0,107,0,179,0,106,0,107,0,100,0,99,0,106,0,107,0,177,0,191,0,106,0,106,0,177,0,105,0,193,0,100,0,99,0,100,0,100,0,100,0,106,0,106,0,100,0,106,0,106,0,100,0,100,0,183,0,106,0,103,0,177,0,103,0,104,0,101,0,106,0,104,0,186,0,106,0,100,0
2023-07-30,2023-07-30,50,1.0,2023-07-30 07:34:40.417619,0:20:00,10,10,50.46388319,35.37576942,2023-07-30 07:26:04.210680,2,1,289,0,108,0,106,0,112,0,193,0,111,0,118,0,224,0,112,0,196,0,289,1,206,0,110,0,191,0,216,0,111,0,116,0,117,0,109,0,111,0,192,0,287,0,110,0,107,0,193,0,110,0,189,0,116,0,115,0,116,0,212,0,212,0,206,0,110,0,116,0,110,0,206,0,117,0,116,0,278,0,122,0,115,0,191,0,121,0,110,0,115,0,110,0,110,0,204,0,110,0,116,0
2023-07-30,2023-07-30,50,1.0,2023-07-30 07:34:40.417619,0:20:00,10,10,50.46388319,35.37576942,2023-07-30 07:26:09.210680,2,1,189,0,206,0,112,0,111,0,189,0,112,0,111,0,102,0,112,0,182,0,189,1,111,0,112,0,189,0,102,0,111,0,110,0,114,0,113,0,110,0,189,0,185,0,209,0,113,0,285,0,112,0,185,0,132,0,110,0,108,0,110,0,110,0,113,0,112,0,110,0,112,0,112,0,109,0,111,0,191,0,102,0,112,0,190,0,104,0,114,0,112,0,115,0,114,0,180,0,114,0,113,0
2023-07-30,2023-07-30,50,1.0,2023-07-30 07:34:40.417619,0:20:00,10,10,50.46388319,35.37576942,2023-07-30 07:26:14.210680,3,1,185,0,106,0,202,0,106,0,184,0,118,0,106,0,117,0,202,0,195,0,185,1,106,0,104,0,188,0,118,0,118,0,108,0,108,0,106,0,107,0,185,0,191,0,106,0,118,0,185,0,106,0,191,0,108,0,108,0,203,0,108,0,108,0,114,0,105,0,108,0,107,0,106,0,108,0,108,0,183,0,118,0,110,0,185,0,214,0,118,0,109,0,106,0,106,0,195,0,106,0,107,0
2023-07-30,2023-07-30,50,1.0,2023-07-30 07:34:40.417619,0:20:00,10,10,50.46388319,35.37576942,2023-07-30 07:26:19.210680,3,1,194,0,116,0,116,0,212,0,193,0,105,0,210,0,104,0,115,0,276,0,194,1,116,0,116,0,192,0,104,0,104,0,113,0,212,0,116,0,212,0,191,0,187,0,114,0,104,0,191,0,116,0,187,0,114,0,116,0,116,0,192,0,114,0,108,0,117,0,114,0,212,0,116,0,115,0,210,0,192,0,104,0,115,0,195,0,104,0,104,0,113,0,116,0,115,0,181,0,116,0,114,0
2023-07-30,2023-07-30,50,1.0,2023-07-30 07:34:40.417619,0:20:00,10,10,50.46388319,35.37576942,2023-07-30 07:26:24.210680,3,1,185,0,115,0,118,0,108,0,190,0,116,0,108,0,116,0,117,0,194,0,185,1,113,0,213,0,185,0,114,0,127,0,109,0,106,0,106,0,116,0,187,0,189,0,113,0,113,0,189,0,106,0,189,0,109,0,105,0,107,0,191,0,108,0,113,0,114,0,108,0,114,0,105,0,108,0,108,0,187,0,114,0,202,0,278,0,114,0,114,0,107,0,212,0,106,0,192,0,107,0,204,0
2023-07-30,2023-07-30,50,1.0,2023-07-30 07:34:40.417619,0:20:00,10,10,50.46388319,35.37576942,2023-07-30 07:26:29.210680,3,1,290,0,106,0,106,0,114,0,191,0,106,0,112,0,106,0,108,0,185,0,290,1,108,0,108,0,288,0,108,0,192,0,211,0,116,0,117,0,108,0,189,0,202,0,107,0,108,0,192,0,116,0,201,0,114,0,117,0,113,0,189,0,112,0,203,0,107,0,114,0,108,0,116,0,116,0,112,0,197,0,108,0,116,0,193,0,108,0,108,0,211,0,108,0,116,0,186,0,114,0,112,0
2023-07-30,2023-07-30,50,1.0,2023-07-30 07:34:40.417619,0:20:00,10,10,50.46388319,35.37576942,2023-07-30 07:26:34.210680,3,1,199,0,130,0,130,0,122,0,295,0,226,0,124,0,130,0,130,0,207,0,199,1,131,0,130,0,202,0,129,0,132,0,120,0,122,0,130,0,130,0,203,0,201,0,230,0,230,0,197,0,216,0,202,0,194,0,174,0,124,0,128,0,222,0,130,0,228,0,124,0,130,0,226,0,218,0,126,0,207,0,128,0,118,0,197,0,127,0,128,0,122,0,127,0,128,0,302,0,130,0,124,0
2023-07-30,2023-07-30,50,1.0,2023-07-30 07:34:40.417619,0:20:00,10,10,50.46388319,35.37576942,2023-07-30 07:26:39.210680,3,1,200,0,113,0,112,0,122,0,197,0,114,0,124,0,114,0,210,0,193,0,200,1,209,0,113,0,201,0,114,0,114,0,126,0,122,0,211,0,115,0,258,0,181,0,114,0,113,0,299,0,126,0,181,0,126,0,167,0,180,0,221,0,120,0,116,0,116,0,219,0,115,0,115,0,124,0,124,0,285,0,214,0,124,0,200,0,115,0,212,0,124,0,116,0,116,0,195,0,212,0,200,0
2023-07-30,2023-07-30,50,1.0,2023-07-30 07:34:40.417619,0:20:00,10,10,50.46388319,35.37576942,2023-07-30 07:26:44.210680,4,1,186,0,107,0,110,0,110,0,186,0,110,0,108,0,110,0,109,0,187,0,186,1,110,0,110,0,187,0,111,0,110,0,106,0,108,0,110,0,110,0,223,0,285,0,109,0,108,0,183,0,106,0,285,0,106,0,107,0,148,0,106,0,110,0,109,0,108,0,106,0,110,0,107,0,104,0,106,0,186,0,106,0,105,0,185,0,108,0,106,0,106,0,108,0,204,0,188,0,108,0,117,0
2023-07-30,2023-07-30,50,1.0,2023-07-30 07:34:40.417619,0:20:00,10,10,50.46388319,35.37576942,2023-07-30 07:26:49.210680,4,1,184,0,105,0,104,0,104,0,186,0,114,0,106,0,215,0,104,0,197,0,184,1,105,0,105,0,193,0,118,0,103,0,106,0,106,0,104,0,199,0,185,0,195,0,103,0,104,0,186,0,106,0,194,0,106,0,107,0,106,0,106,0,106,0,105,0,103,0,106,0,104,0,104,0,106,0,106,0,183,0,120,0,106,0,279,0,102,0,105,0,105,0,103,0,103,0,196,0,106,0,106,0
2023-07-30,2023-07-30,50,1.0,2023-07-30 07:34:40.417619,0:20:00,10,10,50.46388319,35.37576942,2023-07-30 07:26:54.210680,4,1,291,0,214,0,214,0,120,0,194,0,108,0,214,0,105,0,118,0,278,0,291,1,116,0,122,0,196,0,200,0,117,0,117,0,216,0,120,0,119,0,196,0,183,0,117,0,117,0,196,0,120,0,183,0,139,0,119,0,119,0,118,0,118,0,220,0,119,0,118,0,124,0,120,0,118,0,118,0,197,0,106,0,119,0,197,0,122,0,128,0,120,0,221,0,122,0,182,0,121,0,121,0
2023-07-30,2023-07-30,50,1.0,2023-07-30 07:34:40.417619,0:20:00,10,10,50.46388319,35.37576942,2023-07-30 07:26:59.210680,4,1,183,0,104,0,102,0,104,0,278,0,126,0,106,0,125,0,155,0,202,0,183,1,103,0,129,0,183,0,126,0,127,0,106,0,103,0,109,0,103,0,183,0,205,0,103,0,130,0,185,0,104,0,207,0,106,0,104,0,106,0,106,0,106,0,126,0,125,0,106,0,106,0,104,0,106,0,106,0,183,0,126,0,106,0,183,0,221,0,128,0,107,0,128,0,104,0,299,0,104,0,106,0
2023-07-30,2023-07-30,50,1.0,2023-07-30 07:34:40.417619,0:20:00,10,10,50.46388319,35.37576942,2023-07-30 07:27:04.210680,4,1,211,0,135,0,134,0,228,0,211,0,205,0,126,0,193,0,176,0,188,0,211,1,132,0,108,0,208,0,108,0,122,0,224,0,130,0,130,0,130,0,263,0,189,0,228,0,108,0,213,0,132,0,189,0,128,0,130,0,182,0,128,0,220,0,110,0,110,0,125,0,225,0,228,0,126,0,126,0,214,0,110,0,228,0,211,0,110,0,207,0,219,0,110,0,132,0,188,0,131,0,220,0
2023-07-30,2023-07-30,50,1.0,2023-07-30 07:34:40.417619,0:20:00,10,10,50.46388319,35.37576942,2023-07-30 07:27:09.210680,4,1,187,0,105,0,120,0,186,0,184,0,120,0,112,0,127,0,124,0,200,0,187,1,123,0,218,0,185,0,125,0,205,0,195,0,108,0,126,0,126,0,229,0,199,0,121,0,120,0,281,0,108,0,196,0,111,0,106,0,111,0,112,0,115,0,120,0,214,0,114,0,117,0,108,0,210,0,210,0,185,0,117,0,108,0,187,0,119,0,119,0,116,0,117,0,141,0,198,0,108,0,193,0
2023-07-30,2023-07-30,50,1.0,2023-07-30 07:34:40.417619,0:20:00,10,10,50.46388319,35.37576942,2023-07-30 07:27:14.210680,5,1,197,0,118,0,104,0,203,0,197,0,103,0,120,0,103,0,103,0,183,0,197,1,210,0,103,0,197,0,104,0,103,0,201,0,120,0,104,0,104,0,195,0,185,0,105,0,199,0,197,0,214,0,185,0,192,0,122,0,162,0,214,0,120,0,106,0,108,0,118,0,106,0,118,0,118,0,118,0,287,0,104,0,116,0,289,0,105,0,106,0,115,0,104,0,180,0,182,0,212,0,121,0
2023-07-30,2023-07-30,50,1.0,2023-07-30 07:34:40.417619,0:20:00,10,10,50.46388319,35.37576942,2023-07-30 07:27:19.210680,5,1,280,0,116,0,116,0,185,0,184,0,118,0,108,0,196,0,115,0,196,0,280,1,114,0,116,0,185,0,115,0,114,0,111,0,107,0,113,0,209,0,187,0,192,0,113,0,119,0,185,0,108,0,192,0,108,0,108,0,108,0,108,0,108,0,212,0,115,0,108,0,118,0,108,0,108,0,108,0,191,0,116,0,108,0,185,0,115,0,116,0,108,0,211,0,116,0,193,0,116,0,108,0
2023-07-30,2023-07-30,50,1.0,2023-07-30 07:34:40.417619,0:20:00,10,10,50.46388319,35.37576942,2023-07-30 07:27:24.210680,5,1,195,0,113,0,113,0,198,0,293,0,111,0,119,0,202,0,113,0,196,0,195,1,113,0,114,0,292,0,114,0,112,0,197,0,122,0,210,0,113,0,194,0,293,0,113,0,112,0,196,0,119,0,197,0,119,0,173,0,118,0,116,0,119,0,111,0,109,0,215,0,111,0,197,0,122,0,119,0,188,0,214,0,118,0,195,0,111,0,118,0,119,0,114,0,111,0,299,0,111,0,119,0
2023-07-30,2023-07-30,50,1.0,2023-07-30 07:34:40.417619,0:20:00,10,10,50.46388319,35.37576942,2023-07-30 07:27:29.210680,5,1,195,0,116,0,116,0,193,0,191,0,115,0,212,0,283,0,214,0,281,0,195,1,118,0,116,0,195,0,116,0,120,0,193,0,210,0,118,0,119,0,252,0,132,0,216,0,117,0,192,0,120,0,191,0,116,0,157,0,116,0,118,0,114,0,120,0,122,0,114,0,120,0,130,0,115,0,114,0,200,0,112,0,114,0,191,0,122,0,208,0,115,0,122,0,120,0,190,0,120,0,114,0
2023-07-30,2023-07-30,50,1.0,2023-07-30 07:34:40.417619,0:20:00,10,10,50.46388319,35.37576942,2023-07-30 07:27:34.210680,5,1,189,0,108,0,204,0,185,0,191,0,202,0,110,0,200,0,108,0,205,0,189,1,122,0,108,0,189,0,122,0,106,0,190,0,110,0,107,0,108,0,231,0,118,0,108,0,124,0,192,0,108,0,290,0,112,0,112,0,166,0,112,0,208,0,119,0,108,0,114,0,109,0,204,0,114,0,113,0,189,0,119,0,114,0,195,0,123,0,121,0,114,0,108,0,108,0,199,0,108,0,189,0
2023-07-30,2023-07-30,50,1.0,2023-07-30 07:34:40.417619,0:20:00,10,10,50.46388319,35.37576942,2023-07-30 07:27:39.210680,5,1,243,0,222,0,125,0,127,0,193,0,127,0,116,0,188,0,126,0,186,0,243,1,110,0,123,0,201,0,207,0,121,0,288,0,124,0,124,0,123,0,195,0,112,0,120,0,107,0,293,0,122,0,187,0,138,0,124,0,114,0,114,0,115,0,109,0,119,0,114,0,121,0,201,0,114,0,114,0,201,0,110,0,212,0,289,0,109,0,108,0,212,0,122,0,182,0,182,0,122,0,126,0
2023-07-30,2023-07-30,50,1.0,2023-07-30 07:34:40.417619,0:20:00,10,10,50.46388319,35.37576942,2023-07-30 07:27:44.210680,6,1,235,0,105,0,107,0,106,0,191,0,118,0,111,0,196,0,114,0,194,0,235,1,116,0,116,0,181,0,117,0,128,0,190,0,103,0,112,0,104,0,187,0,124,0,104,0,115,0,182,0,104,0,203,0,110,0,106,0,154,0,112,0,114,0,118,0,215,0,112,0,119,0,182,0,208,0,112,0,184,0,118,0,112,0,189,0,214,0,120,0,112,0,118,0,145,0,197,0,106,0,211,0
2023-07-30,2023-07-30,50,1.0,2023-07-30 07:34:40.417619,0:20:00,10,10,50.46388319,35.37576942,2023-07-30 07:27:49.210680,6,1,206,0,122,0,122,0,220,0,298,0,112,0,123,0,192,0,114,0,192,0,206,1,114,0,210,0,205,0,114,0,198,0,201,0,126,0,118,0,223,0,203,0,114,0,126,0,113,0,205,0,125,0,191,0,124,0,126,0,124,0,220,0,124,0,208,0,112,0,124,0,208,0,201,0,123,0,124,0,295,0,112,0,124,0,202,0,111,0,110,0,124,0,207,0,124,0,285,0,220,0,123,0
2023-07-30,2023-07-30,50,1.0,2023-07-30 07:34:40.417619,0:20:00,10,10,50.46388319,35.37576942,2023-07-30 07:27:54.210680,6,1,189,0,112,0,116,0,112,0,192,0,117,0,114,0,194,0,211,0,194,0,189,1,212,0,116,0,189,0,116,0,119,0,193,0,112,0,115,0,117,0,246,0,104,0,214,0,217,0,189,0,208,0,183,0,114,0,112,0,114,0,114,0,112,0,120,0,120,0,112,0,120,0,191,0,112,0,112,0,189,0,118,0,112,0,191,0,118,0,214,0,112,0,118,0,118,0,195,0,112,0,112,0
2023-07-30,2023-07-30,50,1.0,2023-07-30 07:34:40.417619,0:20:00,10,10,50.46388319,35.37576942,2023-07-30 07:27:59.210680,6,1,184,0,108,0,104,0,108,0,187,0,103,0,105,0,188,0,107,0,188,0,184,1,104,0,104,0,184,0,112,0,103,0,188,0,109,0,104,0,104,0,225,0,114,0,104,0,103,0,188,0,110,0,191,0,180,0,107,0,160,0,106,0,106,0,186,0,103,0,112,0,103,0,189,0,112,0,205,0,189,0,104,0,110,0,187,0,103,0,114,0,110,0,104,0,104,0,180,0,110,0,103,0
2023-07-30,2023-07-30,50,1.0,2023-07-30 07:34:40.417619,0:20:00,10,10,50.46388319,35.37576942,2023-07-30 07:28:04.210680,6,1,190,0,120,0,120,0,112,0,188,0,216,0,211,0,189,0,120,0,284,0,190,1,120,0,120,0,187,0,113,0,118,0,189,0,207,0,120,0,119,0,193,0,214,0,118,0,119,0,190,0,110,0,193,0,115,0,111,0,115,0,116,0,216,0,124,0,118,0,111,0,118,0,285,0,112,0,116,0,197,0,118,0,112,0,285,0,119,0,109,0,112,0,118,0,118,0,125,0,118,0,116,0
2023-07-30,2023-07-30,50,1.0,2023-07-30 07:34:40.417619,0:20:00,10,10,50.46388319,35.37576942,2023-07-30 07:28:09.210680,6,1,289,0,108,0,108,0,113,0,192,0,110,0,117,0,298,0,108,0,203,0,289,1,108,0,108,0,196,0,126,0,108,0,190,0,116,0,205,0,108,0,191,0,118,0,107,0,105,0,289,0,114,0,197,0,114,0,116,0,152,0,114,0,116,0,108,0,110,0,210,0,108,0,195,0,113,0,114,0,184,0,216,0,114,0,191,0,106,0,127,0,115,0,108,0,204,0,126,0,107,0,116,0
2023-07-30,2023-07-30,50,1.0,2023-07-30 07:34:40.417619,0:20:00,10,10,50.46388319,35.37576942,2023-07-30 07:28:14.210680,7,1,199,0,128,0,222,0,126,0,295,0,123,0,117,0,185,0,206,0,184,0,199,1,123,0,123,0,302,0,106,0,125,0,291,0,126,0,125,0,205,0,197,0,114,0,122,0,123,0,198,0,118,0,193,0,118,0,172,0,121,0,118,0,120,0,217,0,120,0,120,0,122,0,124,0,120,0,120,0,205,0,110,0,216,0,199,0,126,0,105,0,217,0,220,0,122,0,200,0,123,0,120,0
2023-07-30,2023-07-30,50,1.0,2023-07-30 07:34:40.417619,0:20:00,10,10,50.46388319,35.37576942,2023-07-30 07:28:19.210680,7,1,192,0,111,0,110,0,110,0,193,0,122,0,116,0,201,0,216,0,132,0,192,1,119,0,110,0,189,0,218,0,111,0,122,0,110,0,110,0,289,0,249,0,114,0,110,0,120,0,193,0,116,0,191,0,116,0,158,0,116,0,114,0,112,0,121,0,205,0,112,0,109,0,110,0,208,0,112,0,187,0,124,0,192,0,191,0,205,0,219,0,112,0,123,0,110,0,124,0,109,0,112,0
2023-07-30,2023-07-30,50,1.0,2023-07-30 07:34:40.417619,0:20:00,10,10,50.46388319,35.37576942,2023-07-30 07:28:24.210680,7,1,191,0,212,0,116,0,118,0,193,0,109,0,114,0,181,0,266,0,106,0,191,1,109,0,116,0,193,0,106,0,129,0,192,0,116,0,122,0,193,0,233,0,181,0,214,0,107,0,196,0,118,0,285,0,136,0,116,0,114,0,212,0,115,0,107,0,120,0,117,0,120,0,120,0,116,0,116,0,289,0,107,0,127,0,133,0,189,0,108,0,118,0,106,0,122,0,111,0,218,0,214,0
2023-07-30,2023-07-30,50,1.0,2023-07-30 07:34:40.417619,0:20:00,10,10,50.46388319,35.37576942,2023-07-30 07:28:29.210680,7,1,186,0,104,0,104,0,104,0,183,0,119,0,108,0,193,0,201,0,120,0,186,1,117,0,206,0,183,0,120,0,201,0,187,0,106,0,117,0,183,0,186,0,204,0,187,0,118,0,183,0,104,0,199,0,110,0,105,0,166,0,110,0,108,0,120,0,120,0,110,0,118,0,106,0,110,0,110,0,183,0,118,0,110,0,206,0,290,0,118,0,110,0,117,0,106,0,197,0,106,0,108,0
2023-07-30,2023-07-30,50,1.0,2023-07-30 07:34:40.417619,0:20:00,10,10,50.46388319,35.37576942,2023-07-30 07:28:34.210680,7,1,302,0,124,0,124,0,217,0,202,0,206,0,123,0,191,0,109,0,110,0,302,1,208,0,119,0,203,0,122,0,110,0,198,0,124,0,111,0,124,0,199,0,191,0,204,0,208,0,203,0,218,0,191,0,120,0,126,0,158,0,120,0,218,0,108,0,109,0,119,0,206,0,218,0,122,0,120,0,201,0,111,0,122,0,122,0,186,0,110,0,120,0,110,0,301,0,114,0,122,0,122,0
2023-07-30,2023-07-30,50,1.0,2023-07-30 07:34:40.417619,0:20:00,10,10,50.46388319,35.37576942,2023-07-30 07:28:39.210680,7,0,189,0,116,0,116,0,113,0,287,0,115,0,210,0,194,0,197,0,212,0,189,1,113,0,116,0,189,0,104,0,116,0,193,0,208,0,116,0,115,0,191,0,185,0,189,0,116,0,284,0,115,0,185,0,114,0,110,0,115,0,114,0,114,0,113,0,114,0,113,0,114,0,112,0,112,0,114,0,191,0,109,0,112,0,112,0,194,0,112,0,114,0,208,0,194,0,208,0,112,0,114,0
2023-07-30,2023-07-30,50,1.0,2023-07-30 07:34:40.417619,0:20:00,10,10,50.46388319,35.37576942,2023-07-30 07:28:44.210680,8,0,127,0,108,0,108,0,114,0,190,0,110,0,110,0,197,0,186,0,118,0,127,1,112,0,108,0,188,0,120,0,108,0,190,0,111,0,190,0,109,0,245,0,291,0,189,0,108,0,191,0,111,0,194,0,184,0,112,0,194,0,110,0,108,0,205,0,111,0,112,0,109,0,112,0,112,0,108,0,189,0,109,0,110,0,110,0,110,0,217,0,109,0,110,0,113,0,121,0,110,0,106,0
2023-07-30,2023-07-30,50,1.0,2023-07-30 07:34:40.417619,0:20:00,10,10,50.46388319,35.37576942,2023-07-30 07:28:49.210680,8,0,114,0,122,0,122,0,114,0,191,0,120,0,116,0,283,0,297,0,111,0,114,1,119,0,120,0,190,0,107,0,122,0,287,0,114,0,128,0,216,0,233,0,127,0,295,0,122,0,191,0,114,0,193,0,116,0,194,0,197,0,116,0,118,0,121,0,122,0,115,0,122,0,114,0,114,0,214,0,203,0,122,0,290,0,114,0,123,0,110,0,209,0,122,0,122,0,111,0,122,0,196,0
2023-07-30,2023-07-30,50,1.0,2023-07-30 07:34:40.417619,0:20:00,10,10,50.46388319,35.37576942,2023-07-30 07:28:54.210680,8,0,117,0,110,0,206,0,116,0,193,0,116,0,114,0,195,0,184,0,116,0,117,1,118,0,110,0,194,0,116,0,110,0,197,0,116,0,294,0,110,0,135,0,110,0,115,0,110,0,195,0,118,0,189,0,118,0,199,0,249,0,116,0,116,0,110,0,205,0,214,0,109,0,118,0,214,0,116,0,187,0,209,0,122,0,214,0,119,0,116,0,118,0,109,0,108,0,116,0,110,0,124,0
2023-07-30,2023-07-30,50,1.0,2023-07-30 07:34:40.417619,0:20:00,10,10,50.46388319,35.37576942,2023-07-30 07:28:59.210680,8,0,204,0,116,0,116,0,116,0,186,0,112,0,110,0,185,0,195,0,112,0,204,1,187,0,117,0,194,0,211,0,114,0,185,0,108,0,190,0,119,0,110,0,118,0,113,0,114,0,193,0,108,0,193,0,109,0,185,0,185,0,206,0,107,0,117,0,118,0,108,0,116,0,114,0,108,0,110,0,284,0,114,0,108,0,108,0,190,0,110,0,109,0,116,0,116,0,110,0,211,0,110,0
2023-07-30,2023-07-30,50,1.0,2023-07-30 07:34:40.417619,0:20:00,10,10,50.46388319,35.37576942,2023-07-30 07:29:04.210680,8,0,119,0,114,0,114,0,114,0,299,0,216,0,120,0,199,0,202,0,119,0,119,1,204,0,112,0,291,0,202,0,168,0,194,0,122,0,200,0,123,0,116,0,118,0,193,0,120,0,128,0,118,0,197,0,117,0,176,0,233,0,116,0,216,0,120,0,117,0,118,0,111,0,206,0,118,0,118,0,188,0,118,0,118,0,118,0,198,0,118,0,196,0,118,0,206,0,217,0,110,0,216,0
2023-07-30,2023-07-30,50,1.0,2023-07-30 07:34:40.417619,0:20:00,10,10,50.46388319,35.37576942,2023-07-30 07:29:09.210680,8,0,117,0,208,0,194,0,194,0,189,0,106,0,116,0,185,0,184,0,107,0,117,1,183,0,209,0,193,0,189,0,155,0,122,0,114,0,103,0,106,0,174,0,112,0,193,0,106,0,212,0,116,0,189,0,138,0,158,0,192,0,118,0,116,0,286,0,110,0,114,0,116,0,118,0,114,0,114,0,196,0,109,0,115,0,116,0,186,0,206,0,201,0,206,0,200,0,191,0,118,0,195,0
2023-07-30,2023-07-30,50,1.0,2023-07-30 07:34:40.417619,0:20:00,10,10,50.46388319,35.37576942,2023-07-30 07:29:14.210680,9,0,114,0,123,0,205,0,198,0,191,0,121,0,114,0,201,0,197,0,217,0,114,1,295,0,119,0,190,0,196,0,123,0,115,0,210,0,122,0,130,0,154,0,116,0,117,0,218,0,114,0,210,0,293,0,114,0,114,0,197,0,114,0,195,0,211,0,204,0,195,0,123,0,114,0,116,0,116,0,191,0,122,0,197,0,115,0,295,0,124,0,192,0,124,0,202,0,206,0,114,0,119,0
2023-07-30,2023-07-30,50,1.0,2023-07-30 07:34:40.417619,0:20:00,10,10,50.46388319,35.37576942,2023-07-30 07:29:19.210680,9,0,118,0,114,0,186,0,214,0,196,0,110,0,210,0,191,0,289,0,113,0,118,1,188,0,193,0,197,0,112,0,109,0,269,0,117,0,110,0,202,0,116,0,106,0,215,0,110,0,200,0,120,0,183,0,116,0,198,0,246,0,116,0,123,0,188,0,193,0,199,0,207,0,121,0,120,0,116,0,199,0,110,0,126,0,212,0,184,0,108,0,193,0,108,0,189,0,187,0,118,0,114,0
2023-07-30,2023-07-30,50,1.0,2023-07-30 07:34:40.417619,0:20:00,10,10,50.46388319,35.37576942,2023-07-30 07:29:24.210680,9,0,200,0,118,0,194,0,104,0,183,0,116,0,108,0,189,0,188,0,198,0,200,1,193,0,199,0,183,0,114,0,114,0,210,0,105,0,195,0,115,0,108,0,218,0,104,0,117,0,184,0,104,0,196,0,108,0,106,0,185,0,108,0,108,0,191,0,113,0,184,0,196,0,185,0,104,0,108,0,194,0,115,0,184,0,108,0,190,0,116,0,281,0,114,0,191,0,189,0,106,0,108,0
2023-07-30,2023-07-30,50,1.0,2023-07-30 07:34:40.417619,0:20:00,10,10,50.46388319,35.37576942,2023-07-30 07:29:29.210680,9,0,122,0,110,0,187,0,120,0,295,0,108,0,199,0,296,0,189,0,206,0,122,1,185,0,188,0,197,0,124,0,109,0,201,0,122,0,115,0,195,0,118,0,120,0,120,0,109,0,199,0,120,0,197,0,192,0,122,0,237,0,214,0,121,0,196,0,204,0,195,0,191,0,125,0,294,0,118,0,186,0,104,0,290,0,116,0,204,0,206,0,192,0,108,0,280,0,217,0,116,0,196,0
2023-07-30,2023-07-30,50,1.0,2023-07-30 07:34:40.417619,0:20:00,10,10,50.46388319,35.37576942,2023-07-30 07:29:34.210680,9,0,118,0,122,0,294,0,118,0,194,0,219,0,129,0,192,0,206,0,188,0,118,1,204,0,201,0,201,0,113,0,124,0,195,0,118,0,123,0,207,0,176,0,114,0,124,0,215,0,195,0,118,0,191,0,121,0,198,0,196,0,120,0,213,0,194,0,208,0,195,0,203,0,221,0,127,0,118,0,296,0,126,0,195,0,117,0,191,0,290,0,194,0,222,0,205,0,115,0,222,0,199,0
2023-07-30,2023-07-30,50,1.0,2023-07-30 07:34:40.417619,0:20:00,10,10,50.46388319,35.37576942,2023-07-30 07:29:39.210680,9,1,115,0,110,0,187,0,118,0,193,0,117,0,114,0,193,0,197,0,190,0,115,1,192,0,187,0,189,0,289,0,110,0,192,0,116,0,208,0,190,0,154,0,108,0,110,0,197,0,291,0,116,0,187,0,116,0,125,0,199,0,114,0,118,0,286,0,187,0,295,0,187,0,110,0,118,0,212,0,186,0,211,0,195,0,118,0,190,0,190,0,197,0,115,0,187,0,193,0,110,0,122,0
2023-07-30,2023-07-30,50,1.0,2023-07-30 07:34:40.417619,0:20:00,10,10,50.46388319,35.37576942,2023-07-30 07:29:44.210680,10,1,186,0,112,0,189,0,110,0,129,0,106,0,108,0,183,0,280,0,184,0,186,1,184,0,187,0,187,0,106,0,124,0,183,0,228,0,190,0,184,0,108,0,114,0,209,0,186,0,189,0,105,0,193,0,106,0,106,0,111,0,108,0,106,0,185,0,189,0,183,0,189,0,112,0,105,0,108,0,193,0,108,0,183,0,201,0,187,0,185,0,184,0,108,0,189,0,110,0,193,0,282,0
2023-07-30,2023-07-30,50,1.0,2023-07-30 07:34:40.417619,0:20:00,10,10,50.46388319,35.37576942,2023-07-30 07:29:49.210680,10,1,293,0,118,0,187,0,110,0,191,0,117,0,114,0,193,0,196,0,293,0,293,1,291,0,283,0,189,0,120,0,195,0,193,0,251,0,194,0,289,0,116,0,114,0,110,0,196,0,187,0,116,0,191,0,116,0,195,0,170,0,116,0,114,0,196,0,120,0,120,0,185,0,190,0,196,0,116,0,186,0,123,0,193,0,116,0,203,0,199,0,194,0,122,0,187,0,121,0,193,0,118,0
2023-07-30,2023-07-30,50,1.0,2023-07-30 07:34:40.417619,0:20:00,10,10,50.46388319,35.37576942,2023-07-30 07:29:54.210680,10,0,199,0,209,0,205,0,122,0,290,0,112,0,210,0,197,0,192,0,189,0,199,1,192,0,201,0,295,0,114,0,118,0,190,0,200,0,115,0,194,0,114,0,116,0,119,0,284,0,200,0,216,0,193,0,136,0,253,0,193,0,114,0,118,0,190,0,191,0,116,0,197,0,197,0,193,0,116,0,196,0,109,0,120,0,117,0,188,0,189,0,197,0,110,0,202,0,206,0,198,0,117,0
2023-07-30,2023-07-30,50,1.0,2023-07-30 07:34:40.417619,0:20:00,10,10,50.46388319,35.37576942,2023-07-30 07:29:59.210680,10,0,112,0,120,0,191,0,188,0,192,0,121,0,118,0,194,0,199,0,199,0,112,1,199,0,197,0,186,0,119,0,120,0,290,0,186,0,201,0,202,0,173,0,123,0,191,0,196,0,186,0,110,0,202,0,116,0,228,0,233,0,114,0,114,0,200,0,201,0,112,0,197,0,116,0,188,0,112,0,190,0,121,0,112,0,112,0,293,0,294,0,284,0,120,0,296,0,121,0,109,0,114,0
2023-07-30,2023-07-30,50,1.0,2023-07-30 07:34:40.417619,0:20:00,10,10,50.46388319,35.37576942,2023-07-30 07:30:04.210680,10,0,127,0,117,0,200,0,308,0,206,0,295,0,125,0,204,0,195,0,194,0,127,1,193,0,197,0,206,0,129,0,117,0,206,0,204,0,195,0,194,0,165,0,283,0,210,0,195,0,206,0,127,0,238,0,125,0,204,0,206,0,223,0,223,0,289,0,292,0,129,0,289,0,225,0,306,0,127,0,207,0,116,0,225,0,127,0,196,0,196,0,204,0,213,0,198,0,117,0,210,0,127,0
2023-07-30,2023-07-30,50,1.0,2023-07-30 07:34:40.417619,0:20:00,10,10,50.46388319,35.37576942,2023-07-30 07:30:09.210680,10,1,111,0,111,0,191,0,188,0,187,0,196,0,113,0,281,0,189,0,195,0,111,1,193,0,194,0,188,0,187,0,120,0,190,0,188,0,191,0,191,0,113,0,191,0,283,0,193,0,284,0,111,0,110,0,113,0,114,0,190,0,190,0,113,0,193,0,117,0,111,0,197,0,191,0,187,0,113,0,280,0,115,0,191,0,209,0,190,0,189,0,190,0,196,0,193,0,114,0,283,0,113,0
2023-07-30,2023-07-30,50,1.0,2023-07-30 07:34:40.417619,0:20:00,10,10,50.46388319,35.37576942,2023-07-30 07:30:14.210680,11,1,283,0,105,0,277,0,185,0,188,0,183,0,108,0,184,0,279,0,185,0,283,1,180,0,181,0,186,0,190,0,104,0,189,0,185,0,187,0,187,0,110,0,186,0,187,0,184,0,187,0,110,0,109,0,184,0,108,0,245,0,193,0,108,0,182,0,186,0,190,0,183,0,114,0,193,0,110,0,189,0,104,0,191,0,109,0,181,0,188,0,186,0,110,0,181,0,109,0,185,0,106,0
2023-07-30,2023-07-30,50,1.0,2023-07-30 07:34:40.417619,0:20:00,10,10,50.46388319,35.37576942,2023-07-30 07:30:19.210680,11,1,187,0,118,0,193,0,186,0,281,0,191,0,109,0,191,0,195,0,191,0,187,1,193,0,193,0,193,0,287,0,115,0,186,0,114,0,194,0,289,0,109,0,197,0,186,0,194,0,186,0,109,0,120,0,109,0,190,0,186,0,186,0,109,0,190,0,115,0,191,0,192,0,198,0,186,0,186,0,192,0,115,0,185,0,109,0,189,0,191,0,185,0,115,0,193,0,208,0,194,0,109,0
2023-07-30,2023-07-30,50,1.0,2023-07-30 07:34:40.417619,0:20:00,10,10,50.46388319,35.37576942,2023-07-30 07:30:24.210680,11,1,200,0,118,0,197,0,203,0,205,0,199,0,120,0,197,0,201,0,295,0,200,1,299,0,193,0,195,0,199,0,128,0,128,0,220,0,288,0,202,0,176,0,191,0,128,0,199,0,205,0,123,0,0,0,125,0,130,0,203,0,197,0,124,0,202,0,118,0,297,0,195,0,197,0,201,0,200,0,197,0,218,0,127,0,124,0,201,0,295,0,201,0,123,0,297,0,120,0,195,0,214,0
2023-07-30,2023-07-30,50,1.0,2023-07-30 07:34:40.417619,0:20:00,10,10,50.46388319,35.37576942,2023-07-30 07:30:29.210680,11,1,193,0,118,0,195,0,121,0,185,0,191,0,210,0,199,0,189,0,190,0,193,1,191,0,295,0,197,0,191,0,202,0,108,0,109,0,197,0,189,0,152,0,129,0,117,0,191,0,193,0,109,0,112,0,108,0,201,0,222,0,189,0,110,0,286,0,200,0,185,0,120,0,194,0,185,0,288,0,195,0,114,0,108,0,108,0,199,0,190,0,185,0,210,0,191,0,113,0,123,0,116,0
2023-07-30,2023-07-30,50,1.0,2023-07-30 07:34:40.417619,0:20:00,10,10,50.46388319,35.37576942,2023-07-30 07:30:34.210680,11,1,195,0,117,0,190,0,107,0,195,0,293,0,118,0,189,0,193,0,198,0,195,1,195,0,195,0,184,0,195,0,108,0,293,0,118,0,196,0,194,0,116,0,118,0,187,0,214,0,185,0,214,0,187,0,118,0,191,0,200,0,193,0,214,0,199,0,197,0,195,0,108,0,280,0,197,0,193,0,190,0,119,0,197,0,213,0,199,0,197,0,295,0,120,0,197,0,120,0,108,0,116,0
2023-07-30,2023-07-30,50,1.0,2023-07-30 07:34:40.417619,0:20:00,10,10,50.46388319,35.37576942,2023-07-30 07:30:39.210680,11,1,292,0,206,0,196,0,198,0,195,0,186,0,116,0,198,0,281,0,188,0,292,1,185,0,188,0,197,0,198,0,120,0,195,0,197,0,185,0,185,0,118,0,113,0,294,0,196,0,293,0,119,0,196,0,138,0,195,0,193,0,291,0,116,0,187,0,281,0,193,0,120,0,197,0,294,0,195,0,198,0,110,0,291,0,119,0,187,0,188,0,195,0,192,0,187,0,192,0,121,0,120,0
2023-07-30,2023-07-30,50,1.0,2023-07-30 07:34:40.417619,0:20:00,10,10,50.46388319,35.37576942,2023-07-30 07:30:44.210680,12,1,189,0,116,0,116,0,195,0,293,0,195,0,115,0,187,0,199,0,195,0,189,1,198,0,122,0,289,0,183,0,119,0,194,0,195,0,196,0,196,0,117,0,214,0,194,0,194,0,191,0,190,0,194,0,117,0,243,0,248,0,196,0,115,0,194,0,196,0,196,0,198,0,189,0,191,0,196,0,281,0,117,0,197,0,118,0,291,0,192,0,196,0,197,0,120,0,296,0,290,0,117,0
2023-07-30,2023-07-30,50,1.0,2023-07-30 07:34:40.417619,0:20:00,10,10,50.46388319,35.37576942,2023-07-30 07:30:49.210680,12,1,193,0,110,0,113,0,289,0,192,0,189,0,115,0,286,0,186,0,187,0,193,1,187,0,112,0,195,0,189,0,111,0,195,0,117,0,186,0,283,0,172,0,102,0,197,0,190,0,198,0,125,0,197,0,116,0,235,0,123,0,193,0,112,0,191,0,190,0,191,0,285,0,194,0,119,0,190,0,197,0,112,0,117,0,114,0,191,0,287,0,190,0,190,0,208,0,113,0,190,0,112,0
2023-07-30,2023-07-30,50,1.0,2023-07-30 07:34:40.417619,0:20:00,10,10,50.46388319,35.37576942,2023-07-30 07:30:54.210680,12,1,181,0,112,0,209,0,181,0,180,0,190,0,104,0,187,0,189,0,190,0,181,1,189,0,110,0,189,0,191,0,112,0,181,0,104,0,191,0,191,0,144,0,120,0,182,0,185,0,181,0,104,0,179,0,104,0,180,0,181,0,183,0,184,0,187,0,187,0,182,0,191,0,109,0,182,0,183,0,187,0,108,0,183,0,106,0,184,0,185,0,183,0,187,0,189,0,190,0,183,0,106,0
2023-07-30,2023-07-30,50,1.0,2023-07-30 07:34:40.417619,0:20:00,10,10,50.46388319,35.37576942,2023-07-30 07:30:59.210680,12,1,199,0,114,0,114,0,199,0,199,0,192,0,118,0,199,0,198,0,295,0,199,1,286,0,115,0,190,0,295,0,114,0,198,0,219,0,195,0,199,0,116,0,182,0,196,0,197,0,197,0,120,0,226,0,194,0,199,0,239,0,194,0,132,0,295,0,191,0,203,0,193,0,122,0,201,0,192,0,190,0,114,0,125,0,213,0,196,0,198,0,191,0,288,0,195,0,196,0,194,0,116,0
2023-07-30,2023-07-30,50,1.0,2023-07-30 07:34:40.417619,0:20:00,10,10,50.46388319,35.37576942,2023-07-30 07:31:04.210680,12,1,185,0,114,0,114,0,194,0,187,0,288,0,208,0,183,0,278,0,183,0,185,1,191,0,111,0,189,0,183,0,126,0,184,0,108,0,189,0,184,0,112,0,0,0,191,0,185,0,192,0,108,0,112,0,108,0,191,0,188,0,190,0,209,0,187,0,193,0,184,0,113,0,291,0,112,0,192,0,191,0,112,0,107,0,109,0,186,0,182,0,189,0,189,0,113,0,186,0,185,0,285,0
2023-07-30,2023-07-30,50,1.0,2023-07-30 07:34:40.417619,0:20:00,10,10,50.46388319,35.37576942,2023-07-30 07:31:09.210680,12,1,201,0,119,0,114,0,192,0,199,0,198,0,118,0,197,0,203,0,198,0,201,1,197,0,211,0,195,0,197,0,199,0,294,0,199,0,288,0,199,0,120,0,200,0,288,0,201,0,291,0,122,0,120,0,122,0,194,0,240,0,194,0,120,0,201,0,192,0,295,0,115,0,119,0,121,0,200,0,134,0,220,0,200,0,120,0,199,0,200,0,199,0,199,0,115,0,218,0,203,0,129,0
2023-07-30,2023-07-30,50,1.0,2023-07-30 07:34:40.417619,0:20:00,10,10,50.46388319,35.37576942,2023-07-30 07:31:14.210680,13,1,181,0,111,0,192,0,187,0,181,0,181,0,108,0,183,0,181,0,182,0,181,1,185,0,191,0,186,0,182,0,109,0,185,0,185,0,187,0,181,0,108,0,185,0,189,0,183,0,187,0,202,0,108,0,105,0,187,0,199,0,285,0,107,0,183,0,282,0,181,0,112,0,110,0,281,0,185,0,193,0,105,0,183,0,108,0,185,0,180,0,187,0,108,0,111,0,103,0,187,0,108,0
2023-07-30,2023-07-30,50,1.0,2023-07-30 07:34:40.417619,0:20:00,10,10,50.46388319,35.37576942,2023-07-30 07:31:19.210680,13,1,185,0,104,0,185,0,179,0,183,0,183,0,106,0,181,0,189,0,184,0,185,1,183,0,192,0,180,0,184,0,101,0,183,0,182,0,181,0,280,0,106,0,183,0,179,0,179,0,181,0,106,0,106,0,106,0,181,0,184,0,113,0,104,0,182,0,179,0,183,0,102,0,102,0,186,0,279,0,104,0,106,0,185,0,106,0,104,0,183,0,279,0,186,0,105,0,188,0,179,0,106,0
2023-07-30,2023-07-30,50,1.0,2023-07-30 07:34:40.417619,0:20:00,10,10,50.46388319,35.37576942,2023-07-30 07:31:24.210680,13,1,189,0,202,0,188,0,189,0,189,0,109,0,108,0,194,0,185,0,191,0,189,1,184,0,183,0,191,0,191,0,110,0,183,0,194,0,190,0,185,0,106,0,122,0,186,0,279,0,188,0,109,0,106,0,128,0,188,0,225,0,106,0,108,0,186,0,190,0,183,0,190,0,110,0,186,0,183,0,202,0,108,0,285,0,108,0,108,0,190,0,185,0,185,0,109,0,188,0,189,0,110,0
2023-07-30,2023-07-30,50,1.0,2023-07-30 07:34:40.417619,0:20:00,10,10,50.46388319,35.37576942,2023-07-30 07:31:29.210680,13,1,194,0,129,0,207,0,193,0,195,0,129,0,119,0,294,0,302,0,200,0,194,1,205,0,208,0,191,0,202,0,128,0,198,0,287,0,207,0,131,0,117,0,113,0,196,0,209,0,191,0,116,0,115,0,196,0,192,0,195,0,192,0,117,0,204,0,202,0,124,0,131,0,193,0,188,0,196,0,113,0,206,0,192,0,117,0,225,0,206,0,194,0,209,0,128,0,132,0,189,0,213,0
2023-07-30,2023-07-30,50,1.0,2023-07-30 07:34:40.417619,0:20:00,10,10,50.46388319,35.37576942,2023-07-30 07:31:34.210680,13,1,299,0,113,0,193,0,230,0,303,0,210,0,122,0,205,0,206,0,204,0,299,1,191,0,287,0,301,0,204,0,114,0,131,0,206,0,193,0,195,0,182,0,224,0,206,0,192,0,306,0,128,0,293,0,135,0,256,0,245,0,135,0,130,0,204,0,196,0,132,0,214,0,209,0,214,0,203,0,132,0,200,0,141,0,124,0,114,0,293,0,204,0,290,0,200,0,116,0,303,0,124,0
2023-07-30,2023-07-30,50,1.0,2023-07-30 07:34:40.417619,0:20:00,10,10,50.46388319,35.37576942,2023-07-30 07:31:39.210680,13,1,189,0,118,0,196,0,189,0,115,0,118,0,212,0,185,0,185,0,185,0,189,1,201,0,195,0,198,0,187,0,120,0,289,0,190,0,196,0,199,0,156,0,185,0,214,0,199,0,195,0,114,0,199,0,115,0,234,0,209,0,118,0,110,0,187,0,198,0,188,0,118,0,197,0,284,0,195,0,120,0,289,0,187,0,118,0,116,0,192,0,194,0,192,0,291,0,212,0,190,0,116,0
2023-07-30,2023-07-30,50,1.0,2023-07-30 07:34:40.417619,0:20:00,10,10,50.46388319,35.37576942,2023-07-30 07:31:44.210680,14,1,197,0,110,0,282,0,195,0,117,0,110,0,112,0,199,0,201,0,199,0,197,1,187,0,185,0,187,0,197,0,119,0,193,0,193,0,281,0,199,0,112,0,192,0,193,0,199,0,187,0,210,0,127,0,187,0,195,0,189,0,112,0,116,0,121,0,184,0,291,0,106,0,112,0,119,0,287,0,107,0,184,0,117,0,112,0,119,0,197,0,187,0,185,0,110,0,200,0,193,0,110,0
2023-07-30,2023-07-30,50,1.0,2023-07-30 07:34:40.417619,0:20:00,10,10,50.46388319,35.37576942,2023-07-30 07:31:49.210680,14,1,195,0,214,0,195,0,195,0,116,0,118,0,122,0,183,0,183,0,279,0,195,1,293,0,197,0,197,0,112,0,204,0,123,0,197,0,197,0,185,0,120,0,200,0,196,0,182,0,196,0,118,0,188,0,120,0,197,0,239,0,216,0,214,0,202,0,292,0,122,0,120,0,295,0,197,0,197,0,119,0,196,0,118,0,214,0,108,0,182,0,201,0,196,0,121,0,107,0,123,0,122,0
2023-07-30,2023-07-30,50,1.0,2023-07-30 07:34:40.417619,0:20:00,10,10,50.46388319,35.37576942,2023-07-30 07:31:54.210680,14,1,186,0,110,0,191,0,184,0,110,0,114,0,110,0,193,0,215,0,193,0,186,1,196,0,188,0,184,0,206,0,107,0,186,0,112,0,185,0,289,0,110,0,187,0,111,0,195,0,191,0,189,0,123,0,109,0,185,0,187,0,185,0,188,0,197,0,184,0,188,0,108,0,110,0,187,0,188,0,112,0,193,0,188,0,110,0,214,0,195,0,187,0,195,0,193,0,118,0,110,0,206,0
2023-07-30,2023-07-30,50,1.0,2023-07-30 07:34:40.417619,0:20:00,10,10,50.46388319,35.37576942,2023-07-30 07:31:59.210680,14,1,185,0,108,0,185,0,187,0,108,0,101,0,108,0,186,0,182,0,177,0,185,1,176,0,281,0,281,0,106,0,110,0,187,0,204,0,185,0,177,0,110,0,185,0,189,0,175,0,283,0,193,0,110,0,110,0,185,0,227,0,187,0,118,0,183,0,190,0,189,0,110,0,110,0,187,0,187,0,190,0,178,0,187,0,108,0,98,0,180,0,186,0,179,0,183,0,99,0,188,0,184,0
2023-07-30,2023-07-30,50,1.0,2023-07-30 07:34:40.417619,0:20:00,10,10,50.46388319,35.37576942,2023-07-30 07:32:04.210680,14,1,187,0,118,0,195,0,115,0,110,0,219,0,187,0,288,0,196,0,199,0,187,1,197,0,126,0,188,0,114,0,110,0,188,0,189,0,200,0,198,0,110,0,186,0,188,0,199,0,187,0,113,0,108,0,111,0,187,0,203,0,191,0,110,0,196,0,187,0,187,0,110,0,110,0,283,0,117,0,193,0,203,0,189,0,112,0,121,0,201,0,187,0,126,0,199,0,299,0,187,0,122,0
2023-07-30,2023-07-30,50,1.0,2023-07-30 07:34:40.417619,0:20:00,10,10,50.46388319,35.37576942,2023-07-30 07:32:09.210680,14,1,195,0,107,0,187,0,118,0,121,0,109,0,125,0,194,0,187,0,197,0,195,1,184,0,110,0,197,0,116,0,115,0,220,0,201,0,187,0,189,0,114,0,193,0,293,0,182,0,195,0,115,0,212,0,136,0,197,0,195,0,193,0,192,0,183,0,199,0,118,0,116,0,116,0,125,0,210,0,209,0,281,0,122,0,116,0,105,0,187,0,289,0,202,0,183,0,112,0,195,0,116,0
2023-07-30,2023-07-30,50,1.0,2023-07-30 07:34:40.417619,0:20:00,10,10,50.46388319,35.37576942,2023-07-30 07:32:14.210680,15,1,189,0,214,0,195,0,192,0,112,0,117,0,212,0,114,0,197,0,187,0,189,1,202,0,117,0,191,0,110,0,117,0,114,0,189,0,195,0,196,0,114,0,128,0,189,0,292,0,199,0,208,0,110,0,114,0,118,0,233,0,189,0,120,0,193,0,192,0,192,0,213,0,112,0,112,0,114,0,112,0,193,0,114,0,114,0,115,0,193,0,191,0,116,0,197,0,115,0,188,0,114,0
2023-07-30,2023-07-30,50,1.0,2023-07-30 07:34:40.417619,0:20:00,10,10,50.46388319,35.37576942,2023-07-30 07:32:19.210680,15,1,197,0,111,0,187,0,196,0,116,0,108,0,114,0,126,0,299,0,203,0,197,1,190,0,110,0,193,0,126,0,114,0,193,0,119,0,283,0,188,0,170,0,216,0,195,0,190,0,189,0,118,0,118,0,114,0,194,0,191,0,193,0,116,0,203,0,191,0,295,0,111,0,118,0,118,0,112,0,119,0,189,0,214,0,112,0,210,0,301,0,191,0,116,0,189,0,114,0,199,0,210,0
2023-07-30,2023-07-30,50,1.0,2023-07-30 07:34:40.417619,0:20:00,10,10,50.46388319,35.37576942,2023-07-30 07:32:24.210680,15,1,193,0,125,0,202,0,295,0,214,0,126,0,116,0,113,0,186,0,185,0,193,1,202,0,301,0,299,0,108,0,135,0,194,0,116,0,201,0,202,0,158,0,116,0,191,0,127,0,297,0,114,0,118,0,118,0,247,0,235,0,289,0,116,0,112,0,297,0,193,0,126,0,125,0,194,0,122,0,123,0,200,0,194,0,120,0,121,0,184,0,203,0,119,0,200,0,120,0,291,0,120,0
2023-07-30,2023-07-30,50,1.0,2023-07-30 07:34:40.417619,0:20:00,10,10,50.46388319,35.37576942,2023-07-30 07:32:29.210680,15,1,293,0,108,0,189,0,189,0,116,0,112,0,118,0,191,0,116,0,191,0,293,1,190,0,190,0,186,0,114,0,194,0,197,0,214,0,187,0,287,0,118,0,118,0,197,0,191,0,186,0,199,0,118,0,192,0,239,0,213,0,199,0,118,0,113,0,188,0,124,0,111,0,110,0,293,0,193,0,110,0,193,0,195,0,118,0,114,0,191,0,191,0,115,0,293,0,216,0,121,0,114,0
2023-07-30,2023-07-30,50,1.0,2023-07-30 07:34:40.417619,0:20:00,10,10,50.46388319,35.37576942,2023-07-30 07:32:34.210680,15,1,182,0,112,0,116,0,189,0,108,0,204,0,108,0,112,0,191,0,185,0,182,1,187,0,189,0,189,0,124,0,110,0,185,0,191,0,192,0,185,0,108,0,108,0,189,0,183,0,189,0,189,0,177,0,108,0,189,0,183,0,184,0,202,0,188,0,189,0,106,0,110,0,206,0,182,0,215,0,110,0,183,0,110,0,106,0,108,0,183,0,185,0,106,0,184,0,106,0,106,0,108,0
2023-07-30,2023-07-30,50,1.0,2023-07-30 07:34:40.417619,0:20:00,10,10,50.46388319,35.37576942,2023-07-30 07:32:39.210680,15,1,203,0,218,0,218,0,200,0,124,0,123,0,124,0,220,0,200,0,295,0,203,1,295,0,201,0,197,0,106,0,120,0,227,0,127,0,201,0,200,0,122,0,122,0,293,0,199,0,197,0,201,0,203,0,124,0,198,0,243,0,201,0,204,0,300,0,197,0,123,0,120,0,120,0,203,0,122,0,124,0,296,0,202,0,220,0,122,0,202,0,199,0,122,0,199,0,124,0,124,0,124,0
2023-07-30,2023-07-30,50,1.0,2023-07-30 07:34:40.417619,0:20:00,10,10,50.46388319,35.37576942,2023-07-30 07:32:44.210680,16,1,185,0,110,0,110,0,114,0,189,0,108,0,110,0,198,0,284,0,189,0,185,1,183,0,110,0,191,0,116,0,112,0,185,0,110,0,187,0,185,0,110,0,112,0,191,0,189,0,192,0,285,0,285,0,108,0,188,0,188,0,121,0,118,0,185,0,193,0,109,0,109,0,112,0,187,0,187,0,112,0,187,0,116,0,108,0,205,0,186,0,187,0,206,0,185,0,108,0,112,0,206,0
2023-07-30,2023-07-30,50,1.0,2023-07-30 07:34:40.417619,0:20:00,10,10,50.46388319,35.37576942,2023-07-30 07:32:49.210680,16,1,189,0,118,0,117,0,189,0,119,0,118,0,208,0,190,0,196,0,197,0,189,1,198,0,216,0,284,0,208,0,110,0,192,0,110,0,293,0,201,0,114,0,112,0,187,0,197,0,285,0,187,0,191,0,114,0,189,0,231,0,112,0,112,0,202,0,198,0,114,0,111,0,109,0,193,0,190,0,110,0,201,0,114,0,112,0,122,0,201,0,192,0,204,0,204,0,122,0,110,0,112,0
2023-07-30,2023-07-30,50,1.0,2023-07-30 07:34:40.417619,0:20:00,10,10,50.46388319,35.37576942,2023-07-30 07:32:54.210680,16,1,191,0,103,0,185,0,118,0,114,0,103,0,110,0,187,0,183,0,189,0,191,1,182,0,185,0,191,0,110,0,114,0,115,0,193,0,180,0,107,0,110,0,110,0,191,0,183,0,119,0,191,0,123,0,132,0,194,0,203,0,112,0,110,0,181,0,181,0,206,0,213,0,114,0,287,0,189,0,206,0,181,0,112,0,114,0,104,0,184,0,284,0,113,0,180,0,103,0,116,0,112,0
2023-07-30,2023-07-30,50,1.0,2023-07-30 07:34:40.417619,0:20:00,10,10,50.46388319,35.37576942,2023-07-30 07:32:59.210680,16,0,192,0,112,0,191,0,110,0,111,0,114,0,114,0,183,0,114,0,183,0,192,1,189,0,191,0,187,0,116,0,110,0,115,0,284,0,190,0,195,0,112,0,110,0,190,0,187,0,110,0,189,0,178,0,114,0,189,0,121,0,208,0,190,0,184,0,280,0,112,0,108,0,108,0,185,0,285,0,108,0,188,0,112,0,112,0,108,0,185,0,194,0,107,0,185,0,204,0,108,0,112,0
2023-07-30,2023-07-30,50,1.0,2023-07-30 07:34:40.417619,0:20:00,10,10,50.46388319,35.37576942,2023-07-30 07:33:04.210680,16,0,121,0,212,0,198,0,117,0,118,0,211,0,112,0,201,0,205,0,201,0,121,1,208,0,118,0,195,0,114,0,126,0,110,0,121,0,191,0,294,0,168,0,212,0,191,0,286,0,194,0,193,0,192,0,110,0,119,0,228,0,112,0,123,0,201,0,193,0,110,0,116,0,116,0,193,0,189,0,117,0,192,0,115,0,110,0,116,0,299,0,189,0,116,0,132,0,125,0,194,0,112,0
2023-07-30,2023-07-30,50,1.0,2023-07-30 07:34:40.417619,0:20:00,10,10,50.46388319,35.37576942,2023-07-30 07:33:09.210680,16,0,112,0,120,0,197,0,116,0,110,0,119,0,116,0,116,0,285,0,189,0,112,1,188,0,122,0,188,0,122,0,208,0,212,0,112,0,199,0,187,0,156,0,116,0,285,0,125,0,124,0,119,0,193,0,116,0,202,0,193,0,191,0,111,0,191,0,203,0,118,0,122,0,125,0,191,0,197,0,124,0,294,0,208,0,118,0,220,0,187,0,195,0,121,0,111,0,113,0,196,0,214,0
2023-07-30,2023-07-30,50,1.0,2023-07-30 07:34:40.417619,0:20:00,10,10,50.46388319,35.37576942,2023-07-30 07:33:14.210680,17,1,120,0,111,0,114,0,212,0,297,0,120,0,120,0,214,0,195,0,195,0,120,1,195,0,208,0,293,0,108,0,110,0,122,0,122,0,189,0,121,0,122,0,118,0,128,0,112,0,206,0,218,0,202,0,196,0,241,0,241,0,131,0,200,0,201,0,189,0,124,0,114,0,110,0,203,0,203,0,110,0,199,0,122,0,122,0,198,0,199,0,197,0,117,0,120,0,118,0,295,0,120,0
2023-07-30,2023-07-30,50,1.0,2023-07-30 07:34:40.417619,0:20:00,10,10,50.46388319,35.37576942,2023-07-30 07:33:19.210680,17,1,190,0,117,0,116,0,116,0,191,0,189,0,112,0,117,0,113,0,191,0,190,1,186,0,116,0,197,0,114,0,118,0,112,0,110,0,197,0,192,0,112,0,114,0,118,0,116,0,118,0,112,0,287,0,112,0,237,0,207,0,114,0,287,0,187,0,196,0,110,0,116,0,214,0,214,0,187,0,119,0,190,0,110,0,110,0,194,0,189,0,118,0,206,0,205,0,110,0,187,0,185,0
